,User,Date,Tweet Text,Compound,Positive,Neutral,Negative,Tweets Ago
0,@BBC,Wed Jul 25 19:02:00 +0000 2018,"Colin Firth stars in an award-winning adaptation of Jane Austen's classic romance. 📚😍

Pride and Prejudice |… https://t.co/bgxyIt8i5g",0.4019,0.247,0.617,0.136,1
1,@BBC,Wed Jul 25 18:02:05 +0000 2018,"From @rosskemp to @sirpatstew: these are the ultimate Extras celebrity cameos. 😂

https://t.co/MzLh704sPC",0.4404,0.184,0.725,0.092,2
2,@BBC,Wed Jul 25 16:02:05 +0000 2018,"Is this Africa’s most inventive neighbourhood? 💡🌿🥑

https://t.co/xgeQCMM1XP",0.0,0.0,1.0,0.0,3
3,@BBC,Wed Jul 25 14:37:40 +0000 2018,"Researchers have found evidence of an existing body of liquid water on Mars.
👉 https://t.co/cmykUjdfxy https://t.co/F45qHNXcOR",0.0,0.0,1.0,0.0,4
4,@BBC,Wed Jul 25 13:57:01 +0000 2018,RT @BBCWthrWatchers: On Friday night you may see the moon turn red during a total lunar eclipse. Lasting 1 hr 40 mins it will be the longes…,0.0,0.0,1.0,0.0,5
5,@BBC,Wed Jul 25 13:02:05 +0000 2018,"💉 A jab that protects against a virus that causes cervical cancer will be given to boys aged 12 to 13 in England.
👉… https://t.co/joOj8vMupR",-0.4767,0.083,0.758,0.159,6
6,@BBC,Wed Jul 25 12:40:25 +0000 2018,"RT @bbcpress: 🤣 Want to write comedy? Want a six-month bursary to train and develop your skills at the BBC?
⏰ TIME IS RUNNING OUT! The dead…",0.6759,0.24,0.696,0.064,7
7,@BBC,Wed Jul 25 12:03:04 +0000 2018,"🌊🐬 These dolphins were rescued after getting stranded in shallow water in Tasmania. 

https://t.co/MRqRBxsctW",0.4215,0.177,0.823,0.0,8
8,@BBC,Wed Jul 25 11:02:03 +0000 2018,"'I downloaded all my Facebook data and it was a nightmare'. 💻🤦‍♀️

Have you ever wondered what your data actually l… https://t.co/0sNfkSket7",0.0,0.0,1.0,0.0,9
9,@BBC,Wed Jul 25 08:04:03 +0000 2018,"A startling insight into how society viewed the role of women in the 20th century. #WashesWhiter

https://t.co/BIoTfZ5DPG",0.0772,0.08,0.92,0.0,10
10,@BBC,Wed Jul 25 07:31:07 +0000 2018,"A watchdog has warned that the packaging you recycle 'may end up in landfill'. ♻️🗑

https://t.co/7q7NwFYVBh https://t.co/8SqE3kZ3j8",-0.2732,0.0,0.877,0.123,11
11,@BBC,Wed Jul 25 07:02:05 +0000 2018,"Why we should all love whale poo... 💚🐋💩 

#OurBluePlanet

https://t.co/VePUiOOE3F",0.6369,0.318,0.682,0.0,12
12,@BBC,Tue Jul 24 19:03:05 +0000 2018,"Fish are losing their sense of smell because of a rise in CO2 levels, according to new research. 🐟💔… https://t.co/9EWLY0pLrH",-0.3818,0.0,0.874,0.126,13
13,@BBC,Tue Jul 24 18:00:19 +0000 2018,The best way EVER to deal with a scam. https://t.co/nqWGYEEBy4,0.128,0.282,0.47,0.248,14
14,@BBC,Tue Jul 24 17:02:07 +0000 2018,"🌡🍂 From Carnoustie to London, the heatwave has left Britain's parks and lawns parched.

📷 https://t.co/yqcbYgu5Y7… https://t.co/I0rzDBzXOp",0.0,0.0,1.0,0.0,15
15,@BBC,Tue Jul 24 16:02:09 +0000 2018,"These birds woo the ladies with popcorn and cartwheels.
#AnimalsBehavingBadly https://t.co/HUArZNsNXy",0.4767,0.237,0.763,0.0,16
16,@BBC,Tue Jul 24 13:01:03 +0000 2018,"Got kids who are on school holidays? 

📱The ‘CBBC Buzz’ app is free, fun and there’s something for you, whatever yo… https://t.co/RCuJvRzW8D",0.8481,0.326,0.674,0.0,17
17,@BBC,Tue Jul 24 12:16:10 +0000 2018,"RT @BBCOxford: Oxford's Soup Peddler - who has given more than 4,000 free meals to the homeless - is hanging up his ladle.
Could you carry…",0.552,0.134,0.866,0.0,18
18,@BBC,Tue Jul 24 12:03:04 +0000 2018,"👨‍🎤🍞 The first known studio recording of David Bowie is set for auction after being found in an old bread basket.
👉… https://t.co/5R2Pmr8gBf",0.0,0.0,1.0,0.0,19
19,@BBC,Tue Jul 24 11:01:00 +0000 2018,"'Doesn't matter what's written on the packet, wet wipes do not disintegrate.' https://t.co/sFUvFL8OaL",-0.0191,0.0,0.918,0.082,20
20,@BBC,Tue Jul 24 09:53:15 +0000 2018,RT @bbcworldservice: *Calling all Star Wars fans!* This is a VR experience where you star in the storyline. Hear more about Lucasfilm's VR…,-0.5983,0.0,0.844,0.156,21
21,@BBC,Tue Jul 24 08:00:10 +0000 2018,The perfect picnic doesn't exi... https://t.co/hCE7MqzF2P,0.5719,0.425,0.575,0.0,22
22,@BBC,Tue Jul 24 07:27:04 +0000 2018,👶👵 Most people feel younger or older than they really are – and this 'subjective age' has a big effect on their phy… https://t.co/vGnFI1TfmB,0.0,0.0,1.0,0.0,23
23,@BBC,Tue Jul 24 07:00:18 +0000 2018,Meet the man who escaped locked-in syndrome and is about to become a dad. https://t.co/x0Bkz8R176,0.0,0.0,1.0,0.0,24
24,@BBC,Mon Jul 23 20:03:06 +0000 2018,"Film-maker Mo Naqvi attempts to decide who to vote for in Pakistan's upcoming election.

Storyville: Insha'Allah De… https://t.co/u7nu633Gt2",0.0,0.0,1.0,0.0,25
25,@BBC,Mon Jul 23 18:02:06 +0000 2018,"💈❤️ Meet the barber tackling mental health one beard trim at a time.
(via @BBCThree) https://t.co/sTbcQnZ2ck",0.0,0.0,1.0,0.0,26
26,@BBC,Mon Jul 23 17:31:04 +0000 2018,"Follow the transportation of a herd of elephants from the Midlands to their new seaside home. 🐘

Elephants on the M… https://t.co/nvfAlmyl21",0.0,0.0,1.0,0.0,27
27,@BBC,Mon Jul 23 16:03:04 +0000 2018,🐶 Hearing dogs can save a life. https://t.co/bTcvuvGYJt,0.4939,0.314,0.686,0.0,28
28,@BBC,Mon Jul 23 15:31:24 +0000 2018,"RT @cbbc: Andy Samberg &amp; @selenagomez talk all things @HotelT 🕸️👻🌴
For the full interview download the #CBBCBuzz app now! https://t.co/83Vu…",0.0,0.0,1.0,0.0,29
29,@BBC,Mon Jul 23 13:02:00 +0000 2018,"If you're blind or partially sighted, this might help.
 
At the BBC, we offer audio description to describe our sho… https://t.co/jDXcSK72uQ",0.0,0.111,0.779,0.111,30
30,@BBC,Mon Jul 23 12:02:03 +0000 2018,"Y'alright love? 🐦 

Meet Mourdour, the raven with a Yorkshire accent.... 

https://t.co/6K9eMeDh0k",0.6369,0.296,0.704,0.0,31
31,@BBC,Mon Jul 23 11:37:06 +0000 2018,RT @bbccomedy: The wonderful Victoria Wood talking sex. ❤️ https://t.co/uKdwA5f3T0,0.5719,0.27,0.73,0.0,32
32,@BBC,Mon Jul 23 11:36:58 +0000 2018,RT @bbccomedy: When it's not just work you're frustrated with... https://t.co/Qlv5gMgkGD,-0.5267,0.0,0.746,0.254,33
33,@BBC,Mon Jul 23 11:03:09 +0000 2018,When is a film so bad it's actually good? 🍿🤦‍♀️ https://t.co/zNWeEnZVQd https://t.co/F3rLExxpyR,-0.38,0.177,0.549,0.274,34
34,@BBC,Mon Jul 23 08:12:20 +0000 2018,"RT @bbcgetinspired: He came within minutes of losing his life in a horrific accident - but eight years on, he is about to represent Norther…",-0.6757,0.0,0.753,0.247,35
35,@BBC,Mon Jul 23 08:03:02 +0000 2018,"Ntando Mahlangu walked for the first time at the age of ten. 

By the time he was 14, he had a silver medal from Ri… https://t.co/JodVvKpqUw",0.4767,0.114,0.886,0.0,36
36,@BBC,Mon Jul 23 07:32:03 +0000 2018,"The UK government says air pollution is the fourth biggest threat to public health. 🤧💨

Here's what you can do to i… https://t.co/SVbU4D7961",-0.5267,0.0,0.866,0.134,37
37,@BBC,Mon Jul 23 07:03:07 +0000 2018,"✈️🎒 This is what happens to your suitcase after you've checked-in at an airport... 

https://t.co/SZZKKm6ONf",0.0,0.0,1.0,0.0,38
38,@BBC,Sun Jul 22 19:02:05 +0000 2018,❤️ The catwalk show with a mission to prove everyone is beautiful. https://t.co/sGAR4YzNZT,0.5994,0.245,0.755,0.0,39
39,@BBC,Sun Jul 22 18:05:05 +0000 2018,"See some art
Dwell on your wrongs
Talk to strangers

Tackle the week ahead with a spot of elastic thinking. https://t.co/W3gtqBFnss",0.128,0.073,0.927,0.0,40
40,@BBC,Sun Jul 22 18:02:04 +0000 2018,"RT @bbcmusic: Happy Birthday @SelenaGomez! 🎂🎉

Which is your favourite SG single? (We are going old school Selena and vote 'Naturally' 💫) h…",0.6114,0.154,0.846,0.0,41
41,@BBC,Sun Jul 22 17:06:28 +0000 2018,RT @BBCCountryfile: What's your top tip for enjoying our countryside? Here's @EllieHarrison_ @AdamHenson @tomheapmedia and @SteveBrownGBWR…,0.6369,0.271,0.729,0.0,42
42,@BBC,Sun Jul 22 16:45:18 +0000 2018,RT @BBCNews: London Anniversary Games: Kare Adenegan &amp; Sophie Hahn set world records https://t.co/DW7CyMwS7r,0.0,0.0,1.0,0.0,43
43,@BBC,Sun Jul 22 16:04:04 +0000 2018,"❤️ The mother of a five-year-old boy who helped write his own obituary before he died of cancer says she is ""humble… https://t.co/k1R3Tq8KX5",-0.8402,0.0,0.724,0.276,44
44,@BBC,Sun Jul 22 15:04:05 +0000 2018,"Keeping it low key 😉

This man asked his partner to marry him with a GIANT beach mural. 🏖 
https://t.co/FrqoNA4HhG",-0.2732,0.0,0.909,0.091,45
45,@BBC,Sun Jul 22 14:08:06 +0000 2018,"😲🎨 Some of the most stunning photos from the 21st World Bodypainting Festival in Austria.
👉 https://t.co/2Z8On4ZuS3 https://t.co/YoAPvfk5cE",0.7264,0.243,0.757,0.0,46
46,@BBC,Sun Jul 22 13:06:02 +0000 2018,🐜🍞 Would you eat bread baked with insects instead of flour? https://t.co/zXYGP4MZjk,0.0,0.0,1.0,0.0,47
47,@BBC,Sun Jul 22 12:09:04 +0000 2018,"Positive reinforcement and indirect suggestions are a powerful way to influence our decision-making.

Here are eigh… https://t.co/CyoIKBRDfs",0.7506,0.314,0.686,0.0,48
48,@BBC,Sun Jul 22 11:02:05 +0000 2018,"The teenage activist helping families find low-cost healthy food. 
(via@BBCThree) https://t.co/aM3Esv544f",0.5994,0.353,0.647,0.0,49
49,@BBC,Sun Jul 22 10:04:05 +0000 2018,💕✍️ A story penned by a 10-year-old girl with autism has attracted praise from academics and others with the condit… https://t.co/oFp5UI36Ex,0.7506,0.274,0.726,0.0,50
50,@BBC,Sun Jul 22 08:19:58 +0000 2018,RT @BBCNewsbeat: Say hello to @NicoleAMaines who will play TV's first ever transgender superhero. https://t.co/QIIPLjRZBo https://t.co/FhUr…,0.34,0.138,0.862,0.0,51
51,@BBC,Sun Jul 22 08:03:01 +0000 2018,"🍞 Prehistoric bake-off: Scientists have discovered the earliest known evidence of bread-making, from a 14,000-year-… https://t.co/rt2YVZY1zW",0.0,0.0,1.0,0.0,52
52,@BBC,Sun Jul 22 07:03:00 +0000 2018,"Do you have a reusable water bottle?
#PlasticsAction https://t.co/XTlzV0IEGB",0.0,0.0,1.0,0.0,53
53,@BBC,Sat Jul 21 20:21:08 +0000 2018,"🎬🍿 A business trip leads to a chance encounter...

Pretty Woman | 10:20pm | @BBCOne | https://t.co/vCrrzh7bN7 https://t.co/KS0CZCwcDx",0.6369,0.321,0.679,0.0,54
54,@BBC,Sat Jul 21 19:31:05 +0000 2018,"The ruins of a Cumbrian village have been exposed by the UK drought. 🌡

https://t.co/zCaOtOFM74",-0.4939,0.0,0.741,0.259,55
55,@BBC,Sat Jul 21 18:02:06 +0000 2018,"😂 @RomeshRanga really REALLY can't stand Gogglebox. #LiveAtTheApollo

https://t.co/IMrhnETAg7",0.4404,0.228,0.659,0.114,56
56,@BBC,Sat Jul 21 17:05:05 +0000 2018,"How being drawn naked helped these women reclaim their bodies. 
(via @BBCThree) https://t.co/h22GymBo6O",0.0,0.0,1.0,0.0,57
57,@BBC,Sat Jul 21 16:04:04 +0000 2018,Was the 😊the first emoticon? https://t.co/3eZwRPDqbJ,0.0,0.0,1.0,0.0,58
58,@BBC,Sat Jul 21 15:04:19 +0000 2018,RT @BBCR1: From @ShawnMendes and @NiallOfficial to @DUALIPA and @ArianaGrande; 10 massive pop collabs we NEED to hear right now 👉 https://t…,0.0,0.0,1.0,0.0,59
59,@BBC,Sat Jul 21 15:04:02 +0000 2018,👰🎊🤵 @reallorraine and @robbeckettcomic host as two couples play for dream prizes and a chance to get married in fro… https://t.co/JOaddKsXdr,0.8126,0.37,0.63,0.0,60
60,@BBC,Sat Jul 21 14:03:06 +0000 2018,A huge iceberg is looming over a village in Greenland. https://t.co/sDLtIq41Fj,0.2023,0.213,0.648,0.139,61
61,@BBC,Sat Jul 21 13:03:08 +0000 2018,"Would you consider becoming a hedgehog foster parent? 🦔 💕

https://t.co/qTzxBdTy1B",0.0,0.0,1.0,0.0,62
62,@BBC,Sat Jul 21 12:03:05 +0000 2018,"Maths, science, history and... death? 🎒📚🤔

Death could be added to the school timetable in Australia. 👉… https://t.co/l6jEPAaK64",-0.8316,0.0,0.672,0.328,63
63,@BBC,Sat Jul 21 11:16:04 +0000 2018,"🏃🏃‍♀️ @GabbyLogan presents live coverage from the first day of the #AnniversaryGames at the London Stadium.

Athlet… https://t.co/KD8QAeSMnA",0.0,0.0,1.0,0.0,64
64,@BBC,Sat Jul 21 10:10:07 +0000 2018,🏃This 88-year-old runner has celebrated his 200th Parkrun in Manchester. https://t.co/9yG6L3bCye,0.5719,0.27,0.73,0.0,65
65,@BBC,Sat Jul 21 09:03:03 +0000 2018,"Amazing innovation 💡
A family in France has become the first to move in to a 3D-printed house. https://t.co/FYDtNW19PL",0.7506,0.286,0.714,0.0,66
66,@BBC,Sat Jul 21 09:02:04 +0000 2018,🇱🇰 The Sri Lankan schoolgirl turned inventor trying to save the planet one lunchbox at a time. https://t.co/RZlJolph79,0.4939,0.158,0.842,0.0,67
67,@BBC,Sat Jul 21 08:32:20 +0000 2018,RT @bbcweather: In Pictures: The dramatic effect of the UK heatwave https://t.co/xmdTbUlpTy Jo https://t.co/mKIjUw8Yhs,0.0,0.0,1.0,0.0,68
68,@BBC,Sat Jul 21 08:03:05 +0000 2018,"""I was training and missed it. I cried.""  ❤️️

@serenawilliams has opened up about missing her baby's first steps.… https://t.co/h7B11Zrvxy",-0.5267,0.0,0.794,0.206,69
69,@BBC,Sat Jul 21 07:03:03 +0000 2018,"Should we be allowed to modify human DNA in future children? 🔬

An inquiry has found editing human embryos 'morally… https://t.co/ym7J8WiOLt",0.0,0.0,1.0,0.0,70
70,@BBC,Fri Jul 20 19:02:04 +0000 2018,From honeymoon horror to a dine and dash: this is what happens when holiday romances go wrong. 🏝😳💔… https://t.co/o0skuAQ21P,-0.4215,0.194,0.543,0.264,71
71,@BBC,Fri Jul 20 18:03:08 +0000 2018,🏥🎶 Every member of this choir is here on doctor's orders. https://t.co/5GLpzwPzwU,0.0,0.0,1.0,0.0,72
72,@BBC,Fri Jul 20 17:02:06 +0000 2018,"📺 @louistheroux dives into the BBC Archives and selects his favourite documentaries.

Louis Theroux: Docs That Made… https://t.co/Hun3M35ZEQ",0.0,0.0,1.0,0.0,73
73,@BBC,Fri Jul 20 15:59:00 +0000 2018,Actual footage of me leaving work for the weekend and not looking back... 👋 #FridayFeeling https://t.co/Ppg3Qk7fj3,0.4939,0.167,0.833,0.0,74
74,@BBC,Fri Jul 20 14:56:18 +0000 2018,"RT @BBCBreaking: Several people wounded in knife attack on bus in northern German city of Luebeck, reports say https://t.co/SS7enQBT3h",-0.4767,0.0,0.853,0.147,75
75,@BBC,Fri Jul 20 14:53:06 +0000 2018,"RT @BBCWomansHour: It's not easy, it can be uncomfortable &amp; nerve racking...📣 so why speak out? @charlottechurch tells us what drives her t…",-0.6131,0.0,0.808,0.192,76
76,@BBC,Fri Jul 20 14:52:46 +0000 2018,RT @BBCWomansHour: What does @KatiePrice have to say to her critics? She tells us what pushes her to keep going even when she feels under a…,-0.296,0.0,0.919,0.081,77
77,@BBC,Fri Jul 20 14:31:04 +0000 2018,"A can of lager and a packet of custard creams are the secret to a long life for Eileen, a Blackpool woman celebrati… https://t.co/y5KL6atB0O",0.0,0.0,1.0,0.0,78
78,@BBC,Fri Jul 20 13:35:41 +0000 2018,"RT @BBCNewsround: Did you know there are 25,000 children addicted to gambling in Britain? Find out more about gambling, gaming and why it i…",0.0,0.0,1.0,0.0,79
79,@BBC,Fri Jul 20 13:33:22 +0000 2018,"David Attenborough wants you to get out a chair and spot some 🦋🦋🦋 

And you can't say no to such a legend...… https://t.co/PKWvebWrHz",0.2235,0.086,0.914,0.0,80
80,@BBC,Fri Jul 20 13:03:04 +0000 2018,"Korean is rapidly growing in popularity, in a language-learning boom driven by the popularity of the country's… https://t.co/t9EfT4am8g",0.7845,0.361,0.639,0.0,81
81,@BBC,Fri Jul 20 13:01:24 +0000 2018,RT @BBCArchive: #OnThisDay 1969: Mankind made one giant leap. https://t.co/Szfw85ebOP,0.0,0.0,1.0,0.0,82
82,@BBC,Fri Jul 20 12:02:04 +0000 2018,🐻🍞♥️ Who doesn't love a teddy bear?  https://t.co/Pxd4u1WYLa,-0.5216,0.0,0.64,0.36,83
83,@BBC,Fri Jul 20 11:21:07 +0000 2018,"From satirical cartoons to original Rembrandts and taxidermy geese, there’s plenty to intrigue art lovers this summ… https://t.co/9YDofEBDLI",0.6908,0.263,0.737,0.0,84
84,@BBC,Fri Jul 20 10:48:43 +0000 2018,"RT @BBCEngland: 🦋 If Sir David Attenborough wants us to count butterflies, we'll count butterflies... 🦋

#butterflycount

https://t.co/wlWn…",0.0,0.0,1.0,0.0,85
85,@BBC,Fri Jul 20 10:44:50 +0000 2018,😍🐾 The 150th anniversary of the founding of the golden retriever has been celebrated at the breed's ancestral home… https://t.co/MP2ijSzMFg,0.5719,0.163,0.837,0.0,86
86,@BBC,Fri Jul 20 09:11:11 +0000 2018,👀 First look at brand new #DoctorWho https://t.co/V9UpeFtwMa,0.0,0.0,1.0,0.0,87
87,@BBC,Fri Jul 20 08:01:07 +0000 2018,🔥 Fashion icon? https://t.co/8qdFXbOxmE,-0.34,0.0,0.556,0.444,88
88,@BBC,Fri Jul 20 07:25:07 +0000 2018,⚡️🚙 Half of young people in the UK would like to own an electric car – compared with just a quarter of their parent… https://t.co/wccWjtuyky,0.3612,0.102,0.898,0.0,89
89,@BBC,Fri Jul 20 07:02:03 +0000 2018,🌳 These curious 'animals' have been popping up in one London neighbourhood. https://t.co/EaVZ5RovIq,0.3182,0.15,0.85,0.0,90
90,@BBC,Thu Jul 19 19:01:04 +0000 2018,"When walking alone at night, it's not as simple as ""be safe"". https://t.co/OcJyZ4Q0fQ",-0.25,0.0,0.857,0.143,91
91,@BBC,Thu Jul 19 18:57:05 +0000 2018,⚡️💡 These brothers from Ghana are using cassavas to generate electricity. https://t.co/CtNj20Hf14,0.0,0.0,1.0,0.0,92
92,@BBC,Thu Jul 19 18:02:42 +0000 2018,"⛳️🏌 Highlights on the first round of the 147th Open Championship from Carnoustie. ️

Golf: #TheOpen - Day One Highl… https://t.co/zdLWmnm28x",0.4404,0.139,0.861,0.0,93
93,@BBC,Thu Jul 19 17:29:06 +0000 2018,The catwalk show with a mission to prove everyone is beautiful. https://t.co/sGAR4YzNZT,0.5994,0.281,0.719,0.0,94
94,@BBC,Thu Jul 19 17:02:04 +0000 2018,Visit the RHS Flower Show at @tatton_park in Cheshire as it celebrates its 20th birthday with a festival of flowers… https://t.co/oGBZVyKFut,0.7845,0.277,0.723,0.0,95
95,@BBC,Thu Jul 19 15:57:06 +0000 2018,🇬🇧 Do you know your Britishisms? https://t.co/mdPdlfb3jE,0.4215,0.286,0.714,0.0,96
96,@BBC,Thu Jul 19 15:11:33 +0000 2018,RT @BBC_ARoadshow: Happy 90th Birthday Henry - you certainly had a smashing time with #FionaBruce ...! #antiquesroadshow https://t.co/tgqqX…,0.75,0.313,0.687,0.0,97
97,@BBC,Thu Jul 19 14:51:09 +0000 2018,"RT @BBCEarth: This is happening right now! 

@parleyxxx are a group fighting against plastic pollution. A team is currently in Dominican Re…",-0.4199,0.0,0.872,0.128,98
98,@BBC,Thu Jul 19 14:29:39 +0000 2018,"Upmarket British fashion label Burberry destroyed unsold clothes, accessories and perfume worth £28.6m last year to… https://t.co/ngZUdI2Iem",-0.3182,0.095,0.746,0.159,99
99,@BBC,Thu Jul 19 14:01:05 +0000 2018,This new Juventus kit is made entirely from recycled ocean plastic. ♻️🌊️⚽️ https://t.co/m0uU5O0Xyx https://t.co/K84NwxQvsQ,0.0,0.0,1.0,0.0,100
100,@CBS,Wed Jul 25 17:25:36 +0000 2018,"This is one allowance that can’t be beat! Kids are winning big this week on @PriceIsRight. 🎉
 https://t.co/lncKu9XvNo",0.75,0.273,0.727,0.0,1
101,@CBS,Wed Jul 25 15:12:31 +0000 2018,"Renowned artists Cher, Philip Glass, Reba McEntire, Wayne Shorter, and the co-creators of #Hamilton will be recogni… https://t.co/PEjjI9MKE1",0.0,0.0,1.0,0.0,2
102,@CBS,Wed Jul 25 01:05:03 +0000 2018,Who's excited for the return of @MurphyBrownCBS? Here's a behind-the-scenes look at the first table read of the sea… https://t.co/1B5S4WJnCW,0.34,0.118,0.882,0.0,3
103,@CBS,Tue Jul 24 18:54:14 +0000 2018,"Mark your calendars because you won’t want to miss this! Former Secretaries of State @HillaryClinton, @Madeleine, a… https://t.co/JKDPp97OqN",-0.1511,0.068,0.834,0.099,4
104,@CBS,Mon Jul 23 21:30:33 +0000 2018,The cast couldn’t be more excited to welcome @ansonmount into the @startrekcbs family! Who’s ready to see the iconi… https://t.co/fOS4f4VCb2,0.8293,0.34,0.66,0.0,5
105,@CBS,Sun Jul 22 01:56:13 +0000 2018,RT @startrekcbs: Stream the full panel &amp; learn all the exclusive details revealed about season 2 of #StarTrekDiscovery at @Comic_Con: https…,0.128,0.073,0.927,0.0,6
106,@CBS,Sat Jul 21 00:55:28 +0000 2018,RT @MagnumPICBS: Couldn't make it to San Diego for the #MagnumPI panel? Here's everything you missed at #SDCC2018: https://t.co/Z7IBqF1YJ8…,-0.296,0.0,0.891,0.109,7
107,@CBS,Sat Jul 21 00:19:12 +0000 2018,RT @bigbangtheory: The #BigBangTheory writers teased a honeymoon episode and more @YoungSheldon characters in Season 12 while speaking at #…,-0.296,0.0,0.891,0.109,8
108,@CBS,Sat Jul 21 00:10:00 +0000 2018,"RT @TrueCrimeCBS: When you find out you’ve been treated with chemo, but you don’t have cancer. #Whistleblower https://t.co/DAKwu1vcNX",-0.7964,0.0,0.736,0.264,9
109,@CBS,Fri Jul 20 23:44:54 +0000 2018,George blew the whistle on a doctor targeting those who believed they had cancer. What was the outcome? Find out to… https://t.co/rLlNzlK3Cy,-0.6597,0.0,0.82,0.18,10
110,@CBS,Fri Jul 20 22:29:36 +0000 2018,"RT @startrekcbs: Discover the next adventure of Starfleet in this first look at the season 2 premiere, coming early 2019. Season 1 is now s…",0.3182,0.095,0.905,0.0,11
111,@CBS,Fri Jul 20 21:39:09 +0000 2018,Take a trip down memory lane with the cast and crew of @MagnumPICBS at #SDCC2018! https://t.co/jHVxm7kyaT,0.0,0.0,1.0,0.0,12
112,@CBS,Fri Jul 20 15:08:23 +0000 2018,"This @cbsallaccess series is unlike any fairy tale you've ever seen before. @paulwesley, @kevwilliamson &amp;… https://t.co/icsSnPxKAr",0.0,0.0,1.0,0.0,13
113,@CBS,Tue Jul 17 17:55:25 +0000 2018,🤰👩‍👧🚫🍸 #WorldEmojiDay,0.0,0.0,1.0,0.0,14
114,@CBS,Tue Jul 17 17:22:29 +0000 2018,👨📝✔️ #WorldEmojiDay,0.0,0.0,1.0,0.0,15
115,@CBS,Tue Jul 17 17:22:29 +0000 2018,👩‍💼💼🇺🇸 #WorldEmojiDay,0.0,0.0,1.0,0.0,16
116,@CBS,Tue Jul 17 17:22:29 +0000 2018,🕵️🕵️‍♀️ #WorldEmojiDay,0.0,0.0,1.0,0.0,17
117,@CBS,Tue Jul 17 17:22:29 +0000 2018,⚓️🦅🇺🇸 #WorldEmojiDay,0.0,0.0,1.0,0.0,18
118,@CBS,Tue Jul 17 17:22:29 +0000 2018,🏄🌴🚔 #WorldEmojiDay,0.0,0.0,1.0,0.0,19
119,@CBS,Tue Jul 17 17:22:28 +0000 2018,💙👮🍽 #WorldEmojiDay,0.0,0.0,1.0,0.0,20
120,@CBS,Tue Jul 17 17:22:28 +0000 2018,💣📎 #WorldEmojiDay,0.0,0.0,1.0,0.0,21
121,@CBS,Tue Jul 17 17:22:28 +0000 2018,🌎☄️ #WorldEmojiDay,0.0,0.0,1.0,0.0,22
122,@CBS,Tue Jul 17 17:22:28 +0000 2018,🏷💰🎰 #WorldEmojiDay,0.0,0.0,1.0,0.0,23
123,@CBS,Tue Jul 17 17:22:28 +0000 2018,👶😴🚫 #WorldEmojiDay,0.0,0.0,1.0,0.0,24
124,@CBS,Tue Jul 17 17:22:28 +0000 2018,🤝💼💰 #WorldEmojiDay,0.0,0.0,1.0,0.0,25
125,@CBS,Tue Jul 17 17:22:27 +0000 2018,💄👠📷 #WorldEmojiDay,0.0,0.0,1.0,0.0,26
126,@CBS,Tue Jul 17 17:22:27 +0000 2018,🏝🔥💵 #WorldEmojiDay,0.0,0.0,1.0,0.0,27
127,@CBS,Tue Jul 17 17:22:27 +0000 2018,🐮⚖️ #WorldEmojiDay,0.0,0.0,1.0,0.0,28
128,@CBS,Tue Jul 17 17:22:27 +0000 2018,🏠📹📹📹 #WorldEmojiDay,0.0,0.0,1.0,0.0,29
129,@CBS,Tue Jul 17 17:22:27 +0000 2018,👶💥🌎🔬 #WorldEmojiDay,0.0,0.0,1.0,0.0,30
130,@CBS,Tue Jul 17 17:22:26 +0000 2018,💥🌎🔬 #WorldEmojiDay,0.0,0.0,1.0,0.0,31
131,@CBS,Tue Jul 17 17:22:26 +0000 2018,Celebrate #WorldEmojiDay with a fun game! Use the emoji sequences below to guess the CBS show. 👇 Tweet your respons… https://t.co/LCqvuVtkXK,0.807,0.258,0.742,0.0,32
132,@CBS,Fri Jul 13 21:35:01 +0000 2018,"Stand up. Speak up. Blow the whistle. 

Don't miss the premiere of the @TrueCrimeCBS series #Whistleblower tonight… https://t.co/uNhx4Codc2",0.1139,0.078,0.922,0.0,33
133,@CBS,Fri Jul 13 21:15:41 +0000 2018,"RT @TheNeighborhood: There's a new family on the block, and they're about to turn this neighborhood upside down. @CedEntertainer and @Tichi…",-0.4404,0.0,0.868,0.132,34
134,@CBS,Fri Jul 13 17:49:38 +0000 2018,Take a walk down @YandR_CBS memory lane with stars @JessWaltonYR and Peter Bergman! You can watch full episodes of… https://t.co/MZEUfiJJyb,0.0,0.0,1.0,0.0,35
135,@CBS,Thu Jul 12 01:01:24 +0000 2018,RT @TKOCBS: Prepare to have some major FUN. #TKO starts NOW! https://t.co/i2ftL6GCj5,0.6514,0.282,0.718,0.0,36
136,@CBS,Wed Jul 11 21:44:45 +0000 2018,"It’s fun, different, unique, and finally here! @TKOCBS hosted by @KevinHart4real premieres at 9/8c on CBS and… https://t.co/MCeVLVK85i",0.5562,0.174,0.826,0.0,37
137,@CBS,Wed Jul 11 19:09:34 +0000 2018,"RT @MagnumPICBS: Talk about hands-on research! #MagnumPI's cast had the honor of joining the US Navy Submarine Force, US Pacific Fleet #Sub…",0.5411,0.143,0.857,0.0,38
138,@CBS,Mon Jul 09 23:55:07 +0000 2018,Time to mark your calendars! CBS' fall 2018 premiere lineup has been announced: https://t.co/yYv3H9aEO7 https://t.co/lRxAA7suie,0.0,0.0,1.0,0.0,39
139,@CBS,Mon Jul 09 18:53:34 +0000 2018,"RT @TKOCBS: The Ball Buster, the Frisboom, the Spike Launcher, and the Slammer… Get to know all of the #TKO Battle Stations: https://t.co/2…",-0.3818,0.0,0.894,0.106,40
140,@CBS,Mon Jul 09 18:09:00 +0000 2018,"RT @cbsallaccess: How much does it cost to bury the truth? #OneDollar premieres August 30, exclusively on CBS All Access. https://t.co/2HdY…",0.3182,0.103,0.897,0.0,41
141,@CBS,Fri Jul 06 22:22:55 +0000 2018,"RT @SalvationCBS: Mark your calendars, #Salvies: Monday's new #SalvationCBS will air at a special time, 10/9c. https://t.co/RUh1J7cfj8",0.4019,0.153,0.847,0.0,42
142,@CBS,Fri Jul 06 18:26:37 +0000 2018,Happy #InternationalKissingDay! See which stars we caught locking lips on the CBS Kiss Cam. 😘 https://t.co/oMPCHZlgCl,0.8622,0.39,0.61,0.0,43
143,@CBS,Thu Jul 05 21:12:17 +0000 2018,Have you heard? Tonight's the first Live Show of #BB20. Grab a seat and get ready to watch the action unfold on CBS… https://t.co/0YgRV1HLGd,0.3612,0.102,0.898,0.0,44
144,@CBS,Mon Jul 02 21:13:11 +0000 2018,"How much does it cost to bury the truth? #OneDollar premieres Thursday, August 30, exclusively on CBS All Access.… https://t.co/1tab8eCaFz",0.3182,0.108,0.892,0.0,45
145,@CBS,Mon Jul 02 20:47:32 +0000 2018,Take a first look at our @Comic_Con lineup along with details of what you can expect to see:… https://t.co/JqBtlKcwq3,0.0,0.0,1.0,0.0,46
146,@CBS,Mon Jul 02 17:27:06 +0000 2018,RT @TrueCrimeCBS: Two new true-crime series are set to premiere this July on CBS! Learn more about #Whistleblower and #PinkCollarCrimes bef…,0.0,0.0,1.0,0.0,47
147,@CBS,Mon Jul 02 17:00:02 +0000 2018,"If at first you don’t succeed on @PriceIsRight…bid, bid again! https://t.co/OWBaOsFZ3i",0.5411,0.259,0.741,0.0,48
148,@CBS,Wed Jun 27 20:31:32 +0000 2018,What’s summer without @CBSBigBrother? ☀️ RT if you’re counting down the hours to the #BB20 premiere TONIGHT at 8/7c… https://t.co/Xp1s4Fp5J8,0.0,0.0,1.0,0.0,49
149,@CBS,Wed Jun 27 14:00:01 +0000 2018,"It looks like you...

(•_•)
( •_•)&gt;⌐■-■
(⌐■_■)

Have a lot of TV to watch!

Celebrate #NationalSunglassesDay with H… https://t.co/Babt4ajIgV",0.7574,0.289,0.711,0.0,50
150,@CBS,Mon Jun 25 18:20:25 +0000 2018,The world will finally know the truth. ☄️ Make sure to tune in to the heart-pounding Season 2 premiere of… https://t.co/mqMleW90DY,0.5574,0.204,0.796,0.0,51
151,@CBS,Fri Jun 22 21:19:06 +0000 2018,Tonight's the night! Don't miss model @ashleygraham on the season finale of Celebrity @undercover_cbs at 8/7c. https://t.co/iBxAOcOF7a,0.1867,0.098,0.902,0.0,52
152,@CBS,Fri Jun 22 18:33:53 +0000 2018,"Every day is #TakeYourDogToWorkDay for shows like @HawaiiFive0CBS, @MomCBS, @SEALTeamCBS, and @bigbangtheory! https://t.co/DJaOt1VQcw",0.4199,0.189,0.811,0.0,53
153,@CBS,Thu Jun 21 23:29:50 +0000 2018,"Lights, camera, selfie! 📸 Could there be a better photo for #NationalSelfieDay? https://t.co/14Ewx64yKC",0.4926,0.197,0.803,0.0,54
154,@CBS,Wed Jun 20 00:39:01 +0000 2018,There’s nothing quite like watching a contestant win a brand new car on @PriceIsRight. 👏  https://t.co/aKlFikYAMM,0.3555,0.199,0.68,0.122,55
155,@CBS,Mon Jun 18 20:27:50 +0000 2018,Time to make your predictions for #BB20! 👏 Get to know the @CBSBigBrother Houseguests before the big premiere next… https://t.co/jlpIchJ9sk,0.0,0.0,1.0,0.0,56
156,@CBS,Mon Jun 18 15:00:46 +0000 2018,RT @CBSBigBrother: Meet the cast of #BB20... before anyone else! Start streaming all their live interviews beginning at 11am EST/8am PST on…,0.0,0.0,1.0,0.0,57
157,@CBS,Sun Jun 17 13:00:01 +0000 2018,"Today and every day we celebrate their love, guidance, and support. Happy #FathersDay to every kind of dad! https://t.co/Wffax1khBH",0.9392,0.493,0.507,0.0,58
158,@CBS,Fri Jun 15 18:48:29 +0000 2018,"Casting Alert! @paulwesley, @DaniaJRamirez &amp; @JamesWolk are set to star in the upcoming CBS All Access psychologica… https://t.co/JnZMrzT92n",0.3595,0.128,0.872,0.0,59
159,@CBS,Thu Jun 14 17:30:00 +0000 2018,"In case you missed it, watch the entire #TonyAwards now: https://t.co/Bm0yNV3Ff3 https://t.co/h3YnFkmSQJ",-0.296,0.0,0.833,0.167,60
160,@CBS,Thu Jun 14 16:19:32 +0000 2018,RT @StrangeAngel: Mastermind or maniac? Explore the brilliant mind of Jack Parsons in #StrangeAngel. Now streaming on CBS All Access: https…,0.1779,0.147,0.734,0.12,61
161,@CBS,Tue Jun 12 00:19:23 +0000 2018,"No pain, no gain, ALL Hart! Just one month until the premiere of @TKOCBS hosted by @KevinHart4real. https://t.co/C1yMCglxVn",-0.5562,0.134,0.551,0.315,62
162,@CBS,Mon Jun 11 22:23:06 +0000 2018,"RT @TheNeighborhood: Welcome to #TheNeighborhood, @BethBehrs! The @2BrokeGirls star returns to @CBS in a new sitcom alongside @CedEntertain…",0.5093,0.171,0.829,0.0,63
163,@CBS,Mon Jun 11 19:01:38 +0000 2018,"In case you missed it, watch the entire #TonyAwards now: https://t.co/Bm0yNV3Ff3 https://t.co/3GA5otlcPa",-0.296,0.0,0.833,0.167,64
164,@CBS,Mon Jun 11 14:00:37 +0000 2018,How do you know @SaraBareilles and @joshgroban's music? #TonyAwards https://t.co/POMXBORfUT,0.0,0.0,1.0,0.0,65
165,@CBS,Mon Jun 11 06:19:36 +0000 2018,Here are all the performances from the 2018 #TonyAwards: https://t.co/gN4ItpFlRd https://t.co/fSMNBXKC9r,0.0,0.0,1.0,0.0,66
166,@CBS,Mon Jun 11 06:04:41 +0000 2018,See the complete list of winners from the 2018 #TonyAwards: https://t.co/9XK6CGeber https://t.co/HkUIN4Quej,0.4767,0.22,0.78,0.0,67
167,@CBS,Mon Jun 11 03:10:33 +0000 2018,An end to a magical evening. The Band's Visit wins for Best Musical! #TonyAwards https://t.co/ODza97n8YH,0.8478,0.406,0.594,0.0,68
168,@CBS,Mon Jun 11 03:02:06 +0000 2018,Congratulations are in order for @TheKatrinaLenk! She just won for Best Leading Actress in a Musical. #TonyAwards https://t.co/t9bNvpiEmH,0.92,0.463,0.537,0.0,69
169,@CBS,Mon Jun 11 02:58:30 +0000 2018,"RT @CBSThisMorning: Hmm... something seems off here @SaraBareilles @JoshGroban. 😂

@WaitressMusical @GreatCometBway #TonyAwards https://t.c…",0.4404,0.175,0.737,0.088,70
170,@CBS,Mon Jun 11 02:56:40 +0000 2018,RT @_stobin13: watching the #TonyAwards after going to 3 broadway shows this weekend makes it even better 😍🤩,0.4404,0.153,0.847,0.0,71
171,@CBS,Mon Jun 11 02:56:10 +0000 2018,Tony Shalhoub wins Best Leading Actor in a Musical. #TonyAwards   #TheBandsVisit https://t.co/KcUDSicKI5,0.836,0.467,0.533,0.0,72
172,@CBS,Mon Jun 11 02:53:00 +0000 2018,The Boss looks right at home on the #TonyAwards stage! https://t.co/pwjv4iydkn,0.0,0.0,1.0,0.0,73
173,@CBS,Mon Jun 11 02:47:29 +0000 2018,RT @Aatamianphoto: Springsteen is on the #TonyAwards and I love it.,0.6369,0.318,0.682,0.0,74
174,@CBS,Mon Jun 11 02:44:50 +0000 2018,Inspiration: Get to your YES! #OnceOnThisIsland #TonyAwards https://t.co/Wjp0QIWfXq,0.7978,0.543,0.457,0.0,75
175,@CBS,Mon Jun 11 02:44:37 +0000 2018,The feeling when you win a Tony. 🙌 Congratulations to Once on This Island for winning Best Revival of a Musical!… https://t.co/UpFCqgBTwh,0.9523,0.516,0.484,0.0,76
176,@CBS,Mon Jun 11 02:33:09 +0000 2018,What a beautiful performance by the cast of #TheBandsVisit. #TonyAwards https://t.co/4Hw96kZvrf,0.5994,0.302,0.698,0.0,77
177,@CBS,Mon Jun 11 02:29:18 +0000 2018,"""I'm a living example of how theatre can change you - and it didn't just change me, it saved me."" @JohnLeguizamo at… https://t.co/4ICwMhb6hv",0.4215,0.123,0.877,0.0,78
178,@CBS,Mon Jun 11 02:23:56 +0000 2018,Angels in America takes the win for Best Revival of a Play! #TonyAwards https://t.co/zodW61tw8a,0.8932,0.517,0.483,0.0,79
179,@CBS,Mon Jun 11 02:21:03 +0000 2018,"RT @leahableson: The Once On This Island Goat And Chicken made it to the broadcast, Mama WILL provide #TonyAwards",0.0,0.0,1.0,0.0,80
180,@CBS,Mon Jun 11 02:16:06 +0000 2018,That performance was the GOAT. #TonyAwards https://t.co/mtoU92HipQ,0.0,0.0,1.0,0.0,81
181,@CBS,Mon Jun 11 02:11:03 +0000 2018,Harry Potter and the Cursed Child wins Best Play at the #TonyAwards! @HPPlayNYC https://t.co/WIqJQmtAlN,0.8908,0.491,0.509,0.0,82
182,@CBS,Mon Jun 11 02:05:47 +0000 2018,🎶 “Let's dance this last dance tonight.” 🎶 #TonyAwards #DonnaSummerMusical https://t.co/UAIaglChfv,0.0,0.0,1.0,0.0,83
183,@CBS,Mon Jun 11 02:03:31 +0000 2018,Hope he brought enough birthday cake for everyone! #TonyAwards https://t.co/FlLbKV6oj8,0.4926,0.262,0.738,0.0,84
184,@CBS,Mon Jun 11 01:58:48 +0000 2018,@writerlindsayb You're welcome! #TonyAwards,0.5093,0.523,0.477,0.0,85
185,@CBS,Mon Jun 11 01:53:17 +0000 2018,RT @hjmayer8: I sure do love @DearEvanHansen 💙 #TonyAwards,0.7579,0.481,0.519,0.0,86
186,@CBS,Mon Jun 11 01:51:16 +0000 2018,"RT @Valerie4815: What a birthday present, the Tony audience singing happy birthday to you!! #TonyAwards",0.6467,0.248,0.752,0.0,87
187,@CBS,Mon Jun 11 01:38:23 +0000 2018,If only this performance could go on forever. #TonyAwards @FrozenBroadway https://t.co/p2BMUvyTxr,0.0,0.0,1.0,0.0,88
188,@CBS,Mon Jun 11 01:37:36 +0000 2018,RT @anna_villanueva: Magnificent performance from the cast of @FrozenBroadway! #TonyAwards2018 #TonyAwards #Tonys,0.636,0.276,0.724,0.0,89
189,@CBS,Mon Jun 11 01:30:56 +0000 2018,Glenda Jackson wins Best Leading Actress in a Play. #TonyAwards @threetallwomen https://t.co/GRp1gcBuiW,0.8834,0.563,0.437,0.0,90
190,@CBS,Mon Jun 11 01:29:21 +0000 2018,.@SaraBareilles is totally a Gryffindor. #TonyAwards https://t.co/OPQ7esk2dn,0.0,0.0,1.0,0.0,91
191,@CBS,Mon Jun 11 01:26:03 +0000 2018,RT @IzzyNY202: How impressive are these Marjory Stoneman Douglas students? That #TonyAwards performance reduced me to tears. Amazing.,0.7351,0.296,0.625,0.079,92
192,@CBS,Mon Jun 11 01:25:59 +0000 2018,RT @KatLargent: MAGIC #TonyAwards,0.0,0.0,1.0,0.0,93
193,@CBS,Mon Jun 11 01:24:46 +0000 2018,Such a touching moment at the #TonyAwards. ❤️ https://t.co/4kJWTHVPZ8,0.0,0.0,1.0,0.0,94
194,@CBS,Mon Jun 11 01:24:12 +0000 2018,.@Matt_Morrison welcomes the Marjory Stoneman Douglas High School theatre department to the stage. #TonyAwards https://t.co/5dxa9smeka,0.4019,0.162,0.838,0.0,95
195,@CBS,Mon Jun 11 01:19:59 +0000 2018,So many feels at the #TonyAwards. Congratulations to @arielstachel for winning Best Featured Actor in a Musical!… https://t.co/m1aRNIHPRK,0.9151,0.457,0.543,0.0,96
196,@CBS,Mon Jun 11 01:12:31 +0000 2018,RT @McBenefit: I love everything about you @UzoAduba. #TonyAwards,0.6369,0.375,0.625,0.0,97
197,@CBS,Mon Jun 11 01:08:28 +0000 2018,RT if that musical number by the cast of Carousel blew you away! #TonyAwards https://t.co/CMzMNtcAQO,0.1511,0.102,0.898,0.0,98
198,@CBS,Mon Jun 11 01:08:24 +0000 2018,Nathan Lane saw his #AngelsinAmerica role as a challenge. How will you challenge yourself in 2018? #TonyAwards https://t.co/3WXd6AqgBi,0.1531,0.148,0.852,0.0,99
199,@CBS,Mon Jun 11 01:02:47 +0000 2018,Nathan Lane wins Best Featured Actor in a Play. #TonyAwards @angelsbway https://t.co/xc8M7JtLDE,0.8834,0.563,0.437,0.0,100
200,@CNN,Thu Jul 26 03:19:04 +0000 2018,New Jersey's top law enforcement official has instructed prosecutors statewide to hold off on pursuing convictions… https://t.co/yUO0dShfd4,0.2023,0.101,0.899,0.0,1
201,@CNN,Thu Jul 26 03:18:30 +0000 2018,"RT @CNNTonight: ""Putin clearly has the upper hand here and is, I think the alpha dog in this relationship. I just wonder whether the Russia…",0.7096,0.219,0.781,0.0,2
202,@CNN,Thu Jul 26 03:18:11 +0000 2018,RT @CuomoPrimeTime: “Untrue and un-American” @ChrisCuomo reflects on the President calling journalists the “enemy of the people” and tellin…,0.0,0.0,1.0,0.0,3
203,@CNN,Thu Jul 26 03:16:03 +0000 2018,The military does not belong to Donald Trump | By Barbara Starr via @CNNOpinion https://t.co/5baUbANnV5 https://t.co/t0vU8Ob5kH,0.0,0.0,1.0,0.0,4
204,@CNN,Thu Jul 26 03:13:06 +0000 2018,"Two boys, 10, and 7, decided they wanted to drive more than 100 miles to the beach. While en route, they crashed th… https://t.co/mzZaDUmO4j",0.0,0.0,1.0,0.0,5
205,@CNN,Thu Jul 26 03:05:38 +0000 2018,"A federal judge has allowed a case against President Donald Trump, alleging illegal foreign gifts, to proceed… https://t.co/EVbMlCMS58",-0.5574,0.0,0.806,0.194,6
206,@CNN,Thu Jul 26 03:05:07 +0000 2018,A Pennsylvania board found that Bill Cosby is a sexually violent predator; the final decision on his classification… https://t.co/zHR9TGjE66,-0.5994,0.0,0.804,0.196,7
207,@CNN,Thu Jul 26 03:01:06 +0000 2018,The father of a Chicago man who was fatally shot in the back by a police officer last month said he believes video… https://t.co/HbHG9it827,-0.6369,0.0,0.833,0.167,8
208,@CNN,Thu Jul 26 02:59:08 +0000 2018,The follow-up meeting President Trump proposed holding with his Russian counterpart Vladimir Putin in the fall will… https://t.co/iyee9G43l0,0.0,0.0,1.0,0.0,9
209,@CNN,Thu Jul 26 02:54:35 +0000 2018,Top executives from Facebook and Twitter will appear before the Senate Intelligence Committee in September to answe… https://t.co/YdGsxoljE5,0.5994,0.234,0.766,0.0,10
210,@CNN,Thu Jul 26 02:52:41 +0000 2018,"A 27-year-old man suspected of stabbing two women in the throat, killing one of them, at a public transit station i… https://t.co/RorHLAP4wf",-0.743,0.0,0.741,0.259,11
211,@CNN,Thu Jul 26 02:50:05 +0000 2018,"President Trump, meeting with the European Commission President, says the US would be ""extremely pleased"" if all ta… https://t.co/jKipfNZpVY",0.4927,0.151,0.849,0.0,12
212,@CNN,Thu Jul 26 02:46:07 +0000 2018,Kelli Ward refuses to say whether she'd back Rep. Martha McSally as the Arizona Senate primary nears… https://t.co/6quFS9G4Cb,0.0,0.0,1.0,0.0,13
213,@CNN,Thu Jul 26 02:42:06 +0000 2018,"Former President Jimmy Carter says the United States has ""lost its place"" as a global leader in human rights… https://t.co/iuck9QWvxs",0.128,0.127,0.769,0.104,14
214,@CNN,Thu Jul 26 02:41:05 +0000 2018,Newly released emails from Trump administration officials show a desire to add a question on citizenship to the 202… https://t.co/SvTLsQHskK,0.4019,0.137,0.863,0.0,15
215,@CNN,Thu Jul 26 02:35:07 +0000 2018,"Who is ""our friend David"" in the Trump-Cohen tape? Meet tabloid king David Pecker: https://t.co/2HZ60B9Cnu https://t.co/pVMeMkMhA0",0.4939,0.176,0.824,0.0,16
216,@CNN,Thu Jul 26 02:31:00 +0000 2018,The man who fishes for plastic from a floating bicycle https://t.co/zXCDV2kSU7 https://t.co/dOiVqX8shs,0.0,0.0,1.0,0.0,17
217,@CNN,Thu Jul 26 02:24:04 +0000 2018,"Walmart announces a pilot program with Waymo, the self-driving division of Google's parent company, to offer shoppe… https://t.co/K2EQgYVOSf",0.0,0.0,1.0,0.0,18
218,@CNN,Thu Jul 26 02:21:05 +0000 2018,"Sen. Jeff Merkley says North Korea is ""playing its normal game"" in its negotiations about denuclearization with the… https://t.co/4Jq4kEldOE",0.2023,0.091,0.909,0.0,19
219,@CNN,Thu Jul 26 02:17:08 +0000 2018,The Trump administration wants to roll back the Endangered Species Act. These 10 animals might not be here today wi… https://t.co/M5JfitwW0e,0.0,0.0,1.0,0.0,20
220,@CNN,Thu Jul 26 02:16:09 +0000 2018,Bipartisan frustration was on display as lawmakers grilled a defiant Secretary of State Mike Pompeo on President Tr… https://t.co/FJYhv4wtBn,-0.6124,0.0,0.762,0.238,21
221,@CNN,Thu Jul 26 02:09:24 +0000 2018,Two off-duty New Orleans police officers were arrested after allegedly assaulting a man outside a bar early Tuesday… https://t.co/q9WCwwOT1Z,-0.7506,0.0,0.701,0.299,22
222,@CNN,Thu Jul 26 02:09:04 +0000 2018,"Nearly half of all LGBTQ employees haven't come out at work, according to a new survey
https://t.co/8yCrjk3hpb",0.0,0.0,1.0,0.0,23
223,@CNN,Thu Jul 26 02:07:43 +0000 2018,A federal appeals court delivered a surprising victory to supporters of the Fight for $15 campaign when it ruled th… https://t.co/MQZerXmN33,0.34,0.212,0.678,0.11,24
224,@CNN,Thu Jul 26 02:01:06 +0000 2018,An audio expert analyzes the secret Trump-Cohen tape https://t.co/Yjh8MXhfsN https://t.co/JQtZhKgPyu,0.0,0.0,1.0,0.0,25
225,@CNN,Thu Jul 26 01:51:06 +0000 2018,A number of potential 2020 Democratic presidential contenders are behind a bill that would allow Puerto Rico to ter… https://t.co/nRYUaZLSnr,0.296,0.167,0.833,0.0,26
226,@CNN,Thu Jul 26 01:41:05 +0000 2018,"Misty Copeland, Gigi Hadid to star in 2019 Pirelli calendar https://t.co/wuFzWN3MR7 via @CNNStyle https://t.co/ou3rWP7LD7",0.0,0.0,1.0,0.0,27
227,@CNN,Thu Jul 26 01:35:23 +0000 2018,"Michael Avenatti's firm Eagan Avenatti settled his case with the IRS over $880,000 in unpaid payroll taxes in a cou… https://t.co/2rErW2AfsN",0.0,0.0,1.0,0.0,28
228,@CNN,Thu Jul 26 01:31:10 +0000 2018,"Tech stocks had never been higher. Then Facebook reported earnings. 

Thursday's going to be ugly.… https://t.co/72oqbbdCE1",0.0,0.0,1.0,0.0,29
229,@CNN,Thu Jul 26 01:24:55 +0000 2018,RT @AC360: .@AlanDersh weighs in on Trump - Cohen tapes: “The big question we need to know the answer to is ‘Who leaked this tape? In whose…,-0.3182,0.0,0.916,0.084,30
230,@CNN,Thu Jul 26 01:21:07 +0000 2018,Donald Trump and the Ministry of Truth | By John Avlon via @CNNOpinion https://t.co/OgLe0bVNRj https://t.co/2RKB6Imnit,0.3182,0.15,0.85,0.0,31
231,@CNN,Thu Jul 26 01:15:00 +0000 2018,"Facebook earnings miss expectations on revenue, but its ad sales and user numbers keep growing… https://t.co/BFumtrsgZp",-0.0772,0.0,0.92,0.08,32
232,@CNN,Thu Jul 26 01:10:58 +0000 2018,"RT @OutFrontCNN: In the third and final installment of “Trump vs. The Wild,” @BillWeirCNN details how a controversial mining project in Ala…",-0.2023,0.0,0.917,0.083,33
233,@CNN,Thu Jul 26 01:10:37 +0000 2018,"This man waited his whole life to see the ocean. Now, thanks to a special wheelchair and the generosity of his frie… https://t.co/kJ0nIpExkL",0.836,0.319,0.681,0.0,34
234,@CNN,Thu Jul 26 01:10:10 +0000 2018,"Former President Jimmy Carter says the United States has ""lost its place"" as a global leader in human rights… https://t.co/qCdaIUC2iw",0.128,0.127,0.769,0.104,35
235,@CNN,Thu Jul 26 01:01:08 +0000 2018,A Japanese politician has come under fire for questioning whether LGBT taxpayers should receive equal welfare benef… https://t.co/POvjtlDngJ,-0.4215,0.0,0.798,0.202,36
236,@CNN,Thu Jul 26 00:51:07 +0000 2018,"New Zealand's acting Prime Minister Winston Peters has accused Australia of copying his country's flag, telling its… https://t.co/v2hJT53uUN",-0.296,0.0,0.885,0.115,37
237,@CNN,Thu Jul 26 00:47:26 +0000 2018,The Trump administration wants to roll back the Endangered Species Act. These 10 animals might not be here today wi… https://t.co/jv86P8Ys55,0.0,0.0,1.0,0.0,38
238,@CNN,Thu Jul 26 00:40:57 +0000 2018,"RT @OutFrontCNN: ""It is a mystery to me why...a member of the United States Congress...isn't more concerned about what is now well establis…",0.5994,0.197,0.803,0.0,39
239,@CNN,Thu Jul 26 00:40:44 +0000 2018,"RT @AC360: ""A lie. Just a big lie."" @AndersonCooper weighs in on the Trump - Cohen tape saying it revealed ""Cohen and the candidate talking…",0.0,0.0,1.0,0.0,40
240,@CNN,Thu Jul 26 00:34:47 +0000 2018,"After years of research, scientists have confirmed that liquid water exists on Mars. This could allow humans to fur… https://t.co/Kq4Uehst0e",0.2263,0.091,0.909,0.0,41
241,@CNN,Thu Jul 26 00:31:07 +0000 2018,What happened the last time a President chose America's enemies over its friends https://t.co/RB3boSiykK https://t.co/IwcTo8lYT9,-0.0258,0.169,0.656,0.175,42
242,@CNN,Thu Jul 26 00:21:04 +0000 2018,"When students return to Marjory Stoneman Douglas High School in three weeks, they will no longer have to wear see-t… https://t.co/AHvkgEuxNQ",-0.296,0.0,0.901,0.099,43
243,@CNN,Thu Jul 26 00:11:02 +0000 2018,SHOCKER: Twitter diplomacy doesn't always work! | Analysis by @CillizzaCNN https://t.co/XKHszsfUoV https://t.co/R6GF6Q0QTw,-0.3869,0.0,0.792,0.208,44
244,@CNN,Thu Jul 26 00:08:32 +0000 2018,New York's Rep. Joe Crowley plans to stay on the ballot as a third-party candidate in November after his loss to Al… https://t.co/KrVIjF8tbe,-0.3182,0.0,0.901,0.099,45
245,@CNN,Thu Jul 26 00:01:03 +0000 2018,"JPMorgan Chase, Wells Fargo and other banks have come under fire for helping to finance private prisons used by the… https://t.co/NvXqwsoBqO",0.2023,0.171,0.732,0.098,46
246,@CNN,Wed Jul 25 23:51:02 +0000 2018,"I'm almost 9 years sober, and Demi Lovato inspires me | By Nicole Slaughter-Graham via @CNNOpinion… https://t.co/mfJFCnTy5E",0.4404,0.172,0.828,0.0,47
247,@CNN,Wed Jul 25 23:43:31 +0000 2018,"JUST IN: Conservative House Republicans introduce a resolution to impeach Deputy Attorney General Rod Rosenstein, e… https://t.co/jGoQTwFscM",0.0,0.0,1.0,0.0,48
248,@CNN,Wed Jul 25 23:41:09 +0000 2018,Archaeologists may have unearthed the nearly 400-year-old skeleton of America's second governor… https://t.co/nfhih5ZIs8,0.0,0.0,1.0,0.0,49
249,@CNN,Wed Jul 25 23:39:53 +0000 2018,"RT @OutFrontCNN: Amid talks of a second Trump-Putin summit, @RepDennyHeck tells @ErinBurnett that he feels the President is ""treating us al…",0.0,0.0,1.0,0.0,50
250,@CNN,Wed Jul 25 23:37:16 +0000 2018,The controversy over a missing portion of the Trump-Putin news conference transcript https://t.co/HomJeu7P34 https://t.co/oepe8lmibU,-0.296,0.0,0.845,0.155,51
251,@CNN,Wed Jul 25 23:34:39 +0000 2018,"RT @OutFrontCNN: ""If in fact the Secretary of State knows everything that went on there, there would have been no reason for the President…",-0.296,0.0,0.913,0.087,52
252,@CNN,Wed Jul 25 23:31:07 +0000 2018,Former USA Gymnastics team doctor Larry Nassar is asking to be resentenced on sexual assault charges in Michigan an… https://t.co/GDgoX9Xu0E,-0.7717,0.0,0.688,0.312,53
253,@CNN,Wed Jul 25 23:21:05 +0000 2018,Qualcomm says it expects Apple won't put its modem chips in the next generation of iPhones https://t.co/1rDCBzdOBI https://t.co/MW8I9zjXHW,0.0,0.0,1.0,0.0,54
254,@CNN,Wed Jul 25 23:16:46 +0000 2018,Michael Cohen's tape leak could complicate his legal troubles https://t.co/PgcF7Y8CZL https://t.co/n436Pibtrm,-0.5994,0.101,0.537,0.362,55
255,@CNN,Wed Jul 25 23:13:47 +0000 2018,"Putin gave Trump an Adidas soccer ball during a news conference last week in Helsinki, Finland -- and the ball may… https://t.co/ZRe5WIJvXf",0.0,0.0,1.0,0.0,56
256,@CNN,Wed Jul 25 23:11:03 +0000 2018,"The Trump administration has released $195 million in military aid to Egypt, funds that had been previously withhel… https://t.co/vAHgTR3X4H",0.0,0.0,1.0,0.0,57
257,@CNN,Wed Jul 25 23:01:07 +0000 2018,Facebook's stock plunged as much as 24% in after hours trading after the company said it expects revenue growth to… https://t.co/OXxqaWvfvs,0.3818,0.115,0.885,0.0,58
258,@CNN,Wed Jul 25 22:51:02 +0000 2018,An experimental Alzheimer's drug stirs hope after early trials https://t.co/giFIWIYtTK https://t.co/728ZNeKaDP,0.4404,0.225,0.775,0.0,59
259,@CNN,Wed Jul 25 22:41:06 +0000 2018,"Ford says it is planning big changes to its core auto business in the coming years, and it will spend big bucks --… https://t.co/64UAX2UmfW",0.0,0.0,1.0,0.0,60
260,@CNN,Wed Jul 25 22:37:00 +0000 2018,"LIVE NOW: Anderson Cooper Full Circle, a daily interactive news show airing on Facebook Watch… https://t.co/V0KMiGqrCo",0.0,0.0,1.0,0.0,61
261,@CNN,Wed Jul 25 22:36:22 +0000 2018,"RT @CNNSitRoom: @kaitlancollins Senator Blumenthal responds to CNN reporter, @kaitlancollins, being banned from President Trump's event: ""I…",-0.4588,0.0,0.842,0.158,62
262,@CNN,Wed Jul 25 22:36:10 +0000 2018,"RT @CNNSitRoom: @kaitlancollins CNN's @kaitlancollins said the White House asserted that ""we're not banning your network. Your photographer…",0.0,0.0,1.0,0.0,63
263,@CNN,Wed Jul 25 22:31:08 +0000 2018,"Jeff Sessions' smile at ""lock her up"" tells us everything | By Peggy Drexler via @CNNOpinion https://t.co/ma74PtZVvG https://t.co/L9lDEZVZXt",0.3612,0.135,0.865,0.0,64
264,@CNN,Wed Jul 25 22:25:05 +0000 2018,"LIVE NOW: Anderson Cooper Full Circle, a daily interactive news show airing on Facebook Watch… https://t.co/WR084nRvQ6",0.0,0.0,1.0,0.0,65
265,@CNN,Wed Jul 25 22:23:06 +0000 2018,Houston's police chief said he believes there is a high probability a cardiologist who treated former President Geo… https://t.co/azLYGshw8n,0.0,0.0,1.0,0.0,66
266,@CNN,Wed Jul 25 22:17:53 +0000 2018,"The White House banned Kaitlan Collins, a White House reporter for CNN, from a press event after Collins asked Pres… https://t.co/QFgo6StLEZ",-0.4588,0.0,0.857,0.143,67
267,@CNN,Wed Jul 25 22:00:38 +0000 2018,"David Thomas waited all his life to see the ocean. With the help of a special beach wheelchair, he finally got the… https://t.co/o9dojs92N5",0.6597,0.213,0.787,0.0,68
268,@CNN,Wed Jul 25 21:49:42 +0000 2018,"Mattel is laying off more than 2,200 employees after a dismal quarter -- 22% of its non-manufacturing workforce.

T… https://t.co/Bthu1lg4Js",-0.6124,0.0,0.818,0.182,69
269,@CNN,Wed Jul 25 21:46:58 +0000 2018,TV host Chris Hardwick will return to his AMC talk shows following an investigation into accusations by his ex-girl… https://t.co/AUwEABIZ2B,-0.3182,0.0,0.892,0.108,70
270,@CNN,Wed Jul 25 21:36:43 +0000 2018,"Police suspect a gang of female thieves has stolen yoga pants worth tens of thousands of dollars.

Several Lululemo… https://t.co/ryKTef4ZfI",-0.7783,0.074,0.586,0.34,71
271,@CNN,Wed Jul 25 21:28:41 +0000 2018,Sen. Cory Gardner asked Secretary of State Mike Pompeo if North Korea is making progress with its nuclear program.… https://t.co/Gu0Y4UPQUp,0.4215,0.128,0.872,0.0,72
272,@CNN,Wed Jul 25 21:25:40 +0000 2018,"""Is there a strategy to this? ... What is it that causes the President to purposefully, purposefully create distrus… https://t.co/2f2Phrg5sD",0.2732,0.104,0.896,0.0,73
273,@CNN,Wed Jul 25 21:07:18 +0000 2018,"""Just remember, what you're seeing and what you're reading is not what's happening"": Donald Trump and the Ministry… https://t.co/Al5HceICLk",0.0,0.0,1.0,0.0,74
274,@CNN,Wed Jul 25 20:59:01 +0000 2018,"Facebook's revenue hit $13.2 billion for the quarter, up 42% from the same period a year prior. But the figure fell… https://t.co/U8pHBh2HM3",0.0,0.0,1.0,0.0,75
275,@CNN,Wed Jul 25 20:56:00 +0000 2018,30 members of Congress have reviewed largely unredacted copies of the highly sensitive surveillance-warrant applica… https://t.co/0sjxT941aN,0.0,0.0,1.0,0.0,76
276,@CNN,Wed Jul 25 20:49:27 +0000 2018,"RT @TheLeadCNN: Senator Markey says regarding North Korea denuclearization: I am afraid “that the United States, the Trump administration i…",0.4215,0.135,0.865,0.0,77
277,@CNN,Wed Jul 25 20:48:43 +0000 2018,RT @CNNPolitics: Pompeo: “The President was very clear with Vladimir Putin about US positions…and he spoke about them very firmly and clear…,0.4391,0.121,0.879,0.0,78
278,@CNN,Wed Jul 25 20:47:22 +0000 2018,US President Trump says that he and European Commission President Jean-Claude Juncker have agreed to work toward “z… https://t.co/usyOgNRYJF,0.2732,0.104,0.896,0.0,79
279,@CNN,Wed Jul 25 20:42:50 +0000 2018,“We met right here at the White House to launch a new phase in the relationship between the United States and the E… https://t.co/VBrW6sAEI1,0.4215,0.113,0.887,0.0,80
280,@CNN,Wed Jul 25 20:32:51 +0000 2018,Secretary of State Pompeo appears before a Senate committee to talk about the Russia summit. Watch CNN:… https://t.co/NwpU1B9ESW,0.0,0.0,1.0,0.0,81
281,@CNN,Wed Jul 25 20:27:04 +0000 2018,RT @CNNPolitics: “We met right here at the White House to launch a new phase in the relationship between the United States and the European…,0.4215,0.109,0.891,0.0,82
282,@CNN,Wed Jul 25 20:22:21 +0000 2018,US President Donald Trump and European Commission President Jean-Claude Juncker will make statements and likely tak… https://t.co/WoTVkEn68a,0.0,0.0,1.0,0.0,83
283,@CNN,Wed Jul 25 20:18:57 +0000 2018,3 reasons why Trump delaying his next Putin meeting is a big deal https://t.co/OKtNX2vaZN https://t.co/pQMnfw876A,0.0,0.0,1.0,0.0,84
284,@CNN,Wed Jul 25 20:15:16 +0000 2018,RT @CNNPolitics: US Secretary of State Pompeo: The US “does not and will not recognize the Kremlin’s purported annexation of Crimea” https:…,0.0,0.0,1.0,0.0,85
285,@CNN,Wed Jul 25 20:14:16 +0000 2018,"How the US economy is doing now, in four charts https://t.co/Xg1wuYOfRI https://t.co/od39ODc3bW",0.0,0.0,1.0,0.0,86
286,@CNN,Wed Jul 25 20:12:08 +0000 2018,"RT @CNNnewsroom: My thought was we're ""back in the world that Orwell created, where what you read in the newspapers...is not necessarily ac…",0.25,0.083,0.917,0.0,87
287,@CNN,Wed Jul 25 20:11:36 +0000 2018,"RT @CNNMoney: Markets jump as trade fears ease. Dow climbs 172 points, 0.7%, on report of trade agreement between the US and European Union…",0.4404,0.193,0.712,0.095,88
288,@CNN,Wed Jul 25 20:11:09 +0000 2018,"Secretary of State Mike Pompeo issued a statement saying the US ""rejects Russia's attempted annexation of Crimea an… https://t.co/ff0U1Clh7B",-0.4939,0.0,0.842,0.158,89
289,@CNN,Wed Jul 25 20:08:34 +0000 2018,A 12-year-old boy who can't speak wrote a book with his eyes https://t.co/GLnU6JGyLq https://t.co/bPdujtVATh,0.0,0.0,1.0,0.0,90
290,@CNN,Wed Jul 25 20:03:09 +0000 2018,"Justice Elena Kagan said that partisan battles over Supreme Court nominations make the world ""think we are sort of… https://t.co/vVenSym7QR",0.6597,0.263,0.639,0.098,91
291,@CNN,Wed Jul 25 19:55:07 +0000 2018,The 9 lives of Lanny Davis | Analysis by @CillizzaCNN https://t.co/k3tuTAKvBs https://t.co/iBlnSWoFim,0.0,0.0,1.0,0.0,92
292,@CNN,Wed Jul 25 19:50:06 +0000 2018,New Jersey's top law enforcement official has instructed prosecutors statewide to hold off on pursuing convictions… https://t.co/L6iJSFLhks,0.2023,0.101,0.899,0.0,93
293,@CNN,Wed Jul 25 19:45:05 +0000 2018,Sen. John Cornyn blasted Sen. Cory Booker for charging that anyone who supported Judge Brett Kavanaugh's nomination… https://t.co/2KXAyMTr4p,0.3182,0.119,0.881,0.0,94
294,@CNN,Wed Jul 25 19:37:38 +0000 2018,"Two boys, 10, and 7, decided they wanted to drive more than 100 miles to the beach. While en route, they crashed th… https://t.co/LuAjqRPdau",0.0,0.0,1.0,0.0,95
295,@CNN,Wed Jul 25 19:23:59 +0000 2018,A Pennsylvania board found that Bill Cosby is a sexually violent predator; the final decision on his classification… https://t.co/Dz4CdkmuBG,-0.5994,0.0,0.804,0.196,96
296,@CNN,Wed Jul 25 19:16:20 +0000 2018,The follow-up meeting President Trump proposed holding with his Russian counterpart Vladimir Putin in the fall will… https://t.co/6jcHAZmSnh,0.0,0.0,1.0,0.0,97
297,@CNN,Wed Jul 25 19:02:42 +0000 2018,Donald Trump just said something truly terrifying | Analysis by @CillizzaCNN https://t.co/Bj46tSv8Rg https://t.co/dhMHkIx0zl,-0.2023,0.175,0.602,0.223,98
298,@CNN,Wed Jul 25 18:54:15 +0000 2018,"President Trump, meeting with the European Commission President, says the US would be ""extremely pleased"" if all ta… https://t.co/ToRqZNGEeS",0.4927,0.151,0.849,0.0,99
299,@CNN,Wed Jul 25 18:51:05 +0000 2018,"An estimated 7,000 cases of Taco Bell Salsa Con Queso Mild Cheese Dip are being recalled because there are signs of… https://t.co/SX89erO7JK",0.0,0.0,1.0,0.0,100
300,@FoxNews,Thu Jul 26 03:14:10 +0000 2018,".@LindseyGrahamSC: ""The tariffs are hurting, but [we've] got to experience some pain to bring about change.""… https://t.co/R7NpPgTJmq",-0.743,0.0,0.704,0.296,1
301,@FoxNews,Thu Jul 26 03:10:38 +0000 2018,".@SecPompeo testifies on Russia, North Korea https://t.co/xdq3fF4JQn https://t.co/Xe9uWTAtYR",0.0,0.0,1.0,0.0,2
302,@FoxNews,Thu Jul 26 03:01:06 +0000 2018,".@RepMarkMeadows: ""Why do we have to dig so deep to find out information that should come free-flowing if we're rea… https://t.co/mlFWp5Tb7c",0.0,0.0,1.0,0.0,3
303,@FoxNews,Thu Jul 26 02:56:00 +0000 2018,"Rep. @Jim_Jordan: ""We have sent numerous letters to Rod Rosenstein they haven't complied with. Two subpoenas they h… https://t.co/NH8e4F9jf7",0.0,0.0,1.0,0.0,4
304,@FoxNews,Thu Jul 26 02:51:00 +0000 2018,".@RepMarkMeadows on what he's accusing Deputy AG Rod Rosenstein of in articles of impeachment: ""Not only have subpo… https://t.co/fsBOKfbevJ",-0.1779,0.0,0.914,0.086,5
305,@FoxNews,Thu Jul 26 02:47:00 +0000 2018,".@IngrahamAngle: ""With tough tariffs and blunt talk, [@POTUS] has now brought China to the negotiating table."" https://t.co/3xOQvTN7sj",-0.128,0.0,0.914,0.086,6
306,@FoxNews,Thu Jul 26 02:43:34 +0000 2018,".@IngrahamAngle: ""America's winning again because we have a president with guts."" https://t.co/KJMCgvV9R4",0.5267,0.254,0.746,0.0,7
307,@FoxNews,Thu Jul 26 02:39:20 +0000 2018,DiGenova on Possible Rosenstein Impeachment: 'He's Getting What He Deserves' https://t.co/QpxgWnRIed,0.0,0.0,1.0,0.0,8
308,@FoxNews,Thu Jul 26 02:31:00 +0000 2018,"Facebook slammed by Sandy Hook parents over lies, hoax claims. https://t.co/n3t2ScrxcH",-0.5994,0.0,0.647,0.353,9
309,@FoxNews,Thu Jul 26 02:25:52 +0000 2018,".@RudyGiuliani on secretly recorded Cohen-Trump tape: ""Very, very suspiciously he cuts the tape off because it's a… https://t.co/AwQGfytebH",-0.6659,0.0,0.746,0.254,10
310,@FoxNews,Thu Jul 26 02:22:29 +0000 2018,"Plane crash on California's Catalina Island leaves 3 hurt, officials say. https://t.co/jxzH8FRHZC",-0.7269,0.0,0.596,0.404,11
311,@FoxNews,Thu Jul 26 02:17:00 +0000 2018,Female co-founder of nudist anti-Putin group found dead in apartment. https://t.co/xpT0bHev6m,-0.6486,0.0,0.699,0.301,12
312,@FoxNews,Thu Jul 26 02:10:46 +0000 2018,"Woman gives birth at Six Flags Over Georgia, scores free lifetime passes. https://t.co/Gg3gKc9vCz",0.5106,0.216,0.784,0.0,13
313,@FoxNews,Thu Jul 26 02:05:00 +0000 2018,Marine Corps ring found on Florida beach reunited with owner https://t.co/i1sgI23HkM,0.0,0.0,1.0,0.0,14
314,@FoxNews,Thu Jul 26 02:02:39 +0000 2018,Homes burn as crews battle separate blazes in California https://t.co/N8ZaPPu8eS,-0.3818,0.0,0.776,0.224,15
315,@FoxNews,Thu Jul 26 01:57:00 +0000 2018,.@JohnStossel: Trump doesn't need to meddle in Cuba because things are already turning around  https://t.co/GsUzHQxFO1,0.0,0.0,1.0,0.0,16
316,@FoxNews,Thu Jul 26 01:56:33 +0000 2018,Army pilot's lofty retirement plan: She's out to end veteran homelessness #ProudAmerican https://t.co/zPBQ7cNImy,0.0,0.0,1.0,0.0,17
317,@FoxNews,Thu Jul 26 01:51:17 +0000 2018,"Rudy Giuliani on if there are more Cohen tapes: ""I assure you, the Southern District of New York is not hiding evid… https://t.co/f8vp8Ui9Tn",0.5086,0.17,0.83,0.0,18
318,@FoxNews,Thu Jul 26 01:44:00 +0000 2018,THURSDAY: Roseanne Barr sits down with @SeanHannity. Don’t miss this must-see interview on “Hannity” at 9p ET on Fo… https://t.co/rO9I9ypWVJ,-0.1531,0.0,0.922,0.078,19
319,@FoxNews,Thu Jul 26 01:35:35 +0000 2018,OPINION: Barack Obama has done a 180 on identity politics -- Democrats ought to listen to him https://t.co/SrbGWeC7Tg,0.0,0.0,1.0,0.0,20
320,@FoxNews,Thu Jul 26 01:33:19 +0000 2018,.@marcthiessen: Putin has accomplished the near-impossible - he's turned Democrats into Russia hawks https://t.co/9MmWcG1ovp,0.4404,0.195,0.805,0.0,21
321,@FoxNews,Thu Jul 26 01:23:46 +0000 2018,'Fraiser' reboot may be in the works with Kelsey Grammer https://t.co/D9MBsVNiFJ,0.0,0.0,1.0,0.0,22
322,@FoxNews,Thu Jul 26 01:20:00 +0000 2018,".@TGowdySC: ""The president can decide who does and does not have security clearances."" #Tucker https://t.co/wU70QnMJ21",-0.2584,0.0,0.873,0.127,23
323,@FoxNews,Thu Jul 26 01:19:15 +0000 2018,"Lawyer Avenatti is a cable news fixture -- but in this case, he wants privacy https://t.co/UuYP5Uv6J8",0.0,0.0,1.0,0.0,24
324,@FoxNews,Thu Jul 26 01:15:24 +0000 2018,WATCH: Video goes viral of a spider trapped inside an iMac https://t.co/AU7El1e8eD,-0.5267,0.0,0.746,0.254,25
325,@FoxNews,Thu Jul 26 01:15:00 +0000 2018,"Jonathan Turley on the Trump-Michael Cohen secret recording: ""I consider this to be a flagrantly dishonest and disl… https://t.co/K74qgKuUwa",-0.5719,0.0,0.821,0.179,26
326,@FoxNews,Thu Jul 26 01:10:43 +0000 2018,".@JoeLieberman: ""You got to have borders. You have to have rules for who can come in and who can't come in."" #Tucker https://t.co/kaGbc07AUc",0.0,0.0,1.0,0.0,27
327,@FoxNews,Thu Jul 26 01:09:15 +0000 2018,".@JoeLieberman on @Ocasio2018: ""She calls herself a Democratic Socialist. To me, she's more of a socialist than a D… https://t.co/IEYYqDqUwK",0.0,0.0,1.0,0.0,28
328,@FoxNews,Thu Jul 26 01:07:42 +0000 2018,"RT @FoxBusiness: .@dallascowboys players must stand for anthem, Jerry Jones says  https://t.co/Lu8nmVwhQ9",0.0,0.0,1.0,0.0,29
329,@FoxNews,Thu Jul 26 01:05:56 +0000 2018,Twitter slammed for 'shadow banning' prominent Republicans https://t.co/baKjIgJzg5,0.3182,0.247,0.753,0.0,30
330,@FoxNews,Thu Jul 26 00:55:40 +0000 2018,WATCH: A sinkhole in Colorado swallows a whole car. https://t.co/YicrjgOL21 https://t.co/DV6aHnG5Md,0.0,0.0,1.0,0.0,31
331,@FoxNews,Thu Jul 26 00:55:00 +0000 2018,Oklahoma girl catches fish with 'human-like' teeth. https://t.co/18tSFEGAeW,0.0,0.0,1.0,0.0,32
332,@FoxNews,Thu Jul 26 00:48:00 +0000 2018,"Milwaukee police officer shot and killed, local media reports say. https://t.co/IdptRZ6ouY",-0.6705,0.0,0.69,0.31,33
333,@FoxNews,Thu Jul 26 00:42:00 +0000 2018,"Film studio lawyer says boss harassed, assaulted her as 'his slave' https://t.co/CD997Gc7bJ",-0.7845,0.0,0.592,0.408,34
334,@FoxNews,Thu Jul 26 00:35:00 +0000 2018,"Georgia hotel housekeepers find sea turtle hatchlings in trash can, police say. https://t.co/m6Zu1WNzNl",0.0,0.0,1.0,0.0,35
335,@FoxNews,Thu Jul 26 00:29:34 +0000 2018,9/11 victim reportedly ID'ed 17 years later due to DNA testing. https://t.co/Q7XrGwTO0h,-0.2732,0.0,0.84,0.16,36
336,@FoxNews,Thu Jul 26 00:25:00 +0000 2018,"Hersheypark to stay closed Thursday as flooding continues.
https://t.co/0lh2OH0rZw",0.0,0.0,1.0,0.0,37
337,@FoxNews,Thu Jul 26 00:22:21 +0000 2018,"Two Delta airplanes clipped wings at Boston airport.
https://t.co/pyR77i1r15",0.0,0.0,1.0,0.0,38
338,@FoxNews,Thu Jul 26 00:12:03 +0000 2018,"'Very probable' that Peter Strzok will be called for more testimony, @RepMarkMeadows says. https://t.co/7CNr5PHe4g",0.0,0.0,1.0,0.0,39
339,@FoxNews,Thu Jul 26 00:03:46 +0000 2018,CNN correspondent blocked from White House press event. https://t.co/lPAjqImDxP,-0.2732,0.0,0.792,0.208,40
340,@FoxNews,Wed Jul 25 23:59:21 +0000 2018,.@IvankaTrump congratulates Karlie Kloss on Josh Kushner engagement: 'Blessed to have you as a sister' https://t.co/8mOscMXxE9,0.7845,0.347,0.653,0.0,41
341,@FoxNews,Wed Jul 25 23:51:33 +0000 2018,"WATCH: A little girl captivated the attention of a lioness with her stuffed Simba toy from the movie ""The Lion King… https://t.co/9917UvzsxZ",0.323,0.109,0.891,0.0,42
342,@FoxNews,Wed Jul 25 23:45:46 +0000 2018,.@benshapiro: Dems Hoping Trump-Cohen Tapes Are the Scandal That 'Torpedoes' Trump's Presidency https://t.co/SQ9yJNvFPN,-0.0258,0.168,0.659,0.174,43
343,@FoxNews,Wed Jul 25 23:43:17 +0000 2018,Pompeo fights back after GOP Sen. Corker hits Trump for 'purposeful' sowing of 'doubt and distrust' https://t.co/Ys1gJ04uwS,-0.7906,0.0,0.636,0.364,44
344,@FoxNews,Wed Jul 25 23:36:11 +0000 2018,".@jasoninthehouse: ""The entire top echelon of the FBI has been decimated. People have resigned, people have been de… https://t.co/CW3OoQFC5j",-0.0516,0.087,0.817,0.096,45
345,@FoxNews,Wed Jul 25 23:32:45 +0000 2018,".@jasoninthehouse on filed articles of impeachment against Rosenstein: ""I'm glad Congress is finally standing up fo… https://t.co/Ml0sdOhYV6",0.4588,0.158,0.842,0.0,46
346,@FoxNews,Wed Jul 25 23:23:22 +0000 2018,".@gen_jackkeane: ""When you line up all the things that this administration has done against Russia, we haven't had… https://t.co/GyisjIRtoK",0.0,0.0,1.0,0.0,47
347,@FoxNews,Wed Jul 25 23:15:55 +0000 2018,House Republicans introduce articles of impeachment against Rosenstein https://t.co/xM0aau31X3,0.0,0.0,1.0,0.0,48
348,@FoxNews,Wed Jul 25 23:14:07 +0000 2018,".@benshapiro on tariffs: ""It is pretty clear though that the direction that everybody wants to move is in the direc… https://t.co/9z4JVAq04E",0.7003,0.234,0.766,0.0,49
349,@FoxNews,Wed Jul 25 23:04:27 +0000 2018,"Woman gives birth at Six Flags Over Georgia, earns free lifetime passes https://t.co/vdCADqfpQe",0.5106,0.216,0.784,0.0,50
350,@FoxNews,Wed Jul 25 22:55:49 +0000 2018,"RT @MikeEmanuelFox: Secretary of State Pompeo spars with senators - from #SpecialReport tonight:

https://t.co/MYrlAqxOpT",0.0,0.0,1.0,0.0,51
351,@FoxNews,Wed Jul 25 22:52:52 +0000 2018,.@greggutfeld on the new plastic straw ban #TheFive https://t.co/ICE4FkJ4F5,-0.5574,0.0,0.69,0.31,52
352,@FoxNews,Wed Jul 25 22:47:34 +0000 2018,.@SecPompeo fights back after GOP Sen. @BobCorker hits @POTUS for 'purposeful' sowing of 'doubt and distrust' https://t.co/4nUp5BbEs7,-0.7906,0.0,0.636,0.364,53
353,@FoxNews,Wed Jul 25 22:36:20 +0000 2018,".@AlanDersh on release of Trump-Cohen secret recording: ""At the time it was leaked, it was privileged. This is a ve… https://t.co/Q8CGe2Nfhn",0.1531,0.125,0.776,0.099,54
354,@FoxNews,Wed Jul 25 22:32:00 +0000 2018,Thick smoke from a wildfire near the western edge of @YosemiteNPS has prompted park officials to temporarily close… https://t.co/f2rrfHdPff,0.0,0.0,1.0,0.0,55
355,@FoxNews,Wed Jul 25 22:26:32 +0000 2018,".@SecretaryRoss on trade war with China: ""[China is] feeling pain themselves. They're also finding it not so easy t… https://t.co/3OUYHE5dUf",-0.8667,0.054,0.577,0.369,56
356,@FoxNews,Wed Jul 25 22:16:10 +0000 2018,".@SecretaryRoss on finalizing NAFTA negotiations: ""It's coming along very, very well. We hope that could be within… https://t.co/2BlSek5UjF",0.7036,0.267,0.733,0.0,57
357,@FoxNews,Wed Jul 25 22:11:53 +0000 2018,".@SecretaryRoss on EU trade negotiations: ""There were no preconditions to the negotiations."" #SpecialReport https://t.co/Ee28JyZV64",-0.296,0.0,0.855,0.145,58
358,@FoxNews,Wed Jul 25 22:11:14 +0000 2018,"NSA @AmbJohnBolton said today Putin will not visit Washington until next year, after the conclusion of the Mueller… https://t.co/fZUXz2VUBz",0.0,0.0,1.0,0.0,59
359,@FoxNews,Wed Jul 25 22:04:39 +0000 2018,Supreme Court pick Brett Kavanaugh supported by most GOP governors in letter: A look at who didn't sign it. https://t.co/3eCqasTxvd,0.7096,0.258,0.742,0.0,60
360,@FoxNews,Wed Jul 25 21:58:19 +0000 2018,Florida man's 826-pound bluefin tuna catch becomes new state record. https://t.co/3MEkCW1DvY,0.0,0.0,1.0,0.0,61
361,@FoxNews,Wed Jul 25 21:49:33 +0000 2018,"Boston car crash leaves 3-year-old dead, multiple others injured. https://t.co/28KvZc7xs8",-0.8658,0.0,0.419,0.581,62
362,@FoxNews,Wed Jul 25 21:38:17 +0000 2018,".@TheJuanWilliams: ""We still don't know what happened in the meeting with Putin. We don't know what happened with K… https://t.co/HJSDgrOnQg",0.0,0.0,1.0,0.0,63
363,@FoxNews,Wed Jul 25 21:33:22 +0000 2018,".@JedediahBila on @SecPompeo testifying in Senate hearing: ""I think he did what he needed to do. He talked about ho… https://t.co/44lkcRGdRv",0.0,0.0,1.0,0.0,64
364,@FoxNews,Wed Jul 25 21:21:18 +0000 2018,"'He Seems Extremely Sympathetic' to Russia: NM Sen. Udall Presses Pompeo on Trump Tax Returns, Business Deals https://t.co/VQUFBsCSal",0.5563,0.174,0.826,0.0,65
365,@FoxNews,Wed Jul 25 21:01:37 +0000 2018,".@SecPompeo on North Korea: ""We're engaged in a complex negotiation with a difficult adversary."" https://t.co/RgwBK850qg",0.0516,0.167,0.679,0.154,66
366,@FoxNews,Wed Jul 25 20:44:46 +0000 2018,".@SecPompeo: ""There are a number of folks who are beginning to coalesce around an understanding of how we can appro… https://t.co/gDFSQXsVgL",0.0772,0.064,0.936,0.0,67
367,@FoxNews,Wed Jul 25 20:38:43 +0000 2018,"JUST IN: @POTUS announces trade concessions from EU officials on soybeans, energy, tariffs. https://t.co/OzTzFTOySZ",0.2732,0.139,0.861,0.0,68
368,@FoxNews,Wed Jul 25 20:38:18 +0000 2018,".@EU_Commission President @JunckerEU on trade talks with @POTUS: ""I had the intention to make a deal today. And we… https://t.co/lnUbIJA9Q4",0.0,0.0,1.0,0.0,69
369,@FoxNews,Wed Jul 25 20:30:57 +0000 2018,".@POTUS: ""The European Union wants to import more liquefied natural gas, LNG, from the United States and they're go… https://t.co/ulxom2Npud",0.6786,0.237,0.763,0.0,70
370,@FoxNews,Wed Jul 25 20:29:12 +0000 2018,".@POTUS: ""The European Union is going to start, almost immediately, to buy a lot of soybeans. They're a tremendous… https://t.co/XYIZMJIUYO",0.0,0.0,1.0,0.0,71
371,@FoxNews,Wed Jul 25 20:25:06 +0000 2018,".@POTUS on talks with @EU_Commission President @JunckerEU: ""This is why we agreed today, first of all, to work toge… https://t.co/pB6rxXSDEW",0.2732,0.1,0.9,0.0,72
372,@FoxNews,Wed Jul 25 20:21:39 +0000 2018,.@POTUS holds a press event in the @WhiteHouse Rose Garden with @EU_Commission President @JunckerEU.  https://t.co/6I7IXivlz5,0.0,0.0,1.0,0.0,73
373,@FoxNews,Wed Jul 25 20:20:17 +0000 2018,RT @FoxBusiness: .@POTUS holds an event at the @WhiteHouse on trade deals with Europe. https://t.co/uF3GWOotuE,0.0,0.0,1.0,0.0,74
374,@FoxNews,Wed Jul 25 20:16:01 +0000 2018,".@SecPompeo on North Korea: ""I will concede, there is an awful long way to go."" https://t.co/92RLLD48AP",-0.4588,0.0,0.833,0.167,75
375,@FoxNews,Wed Jul 25 20:14:27 +0000 2018,".@marcorubio: ""If the ZTE issue was simply a sanctions violation, the penalties imposed simply have been devastatin… https://t.co/cEKDfrxA9A",-0.5423,0.0,0.769,0.231,76
376,@FoxNews,Wed Jul 25 20:13:38 +0000 2018,'I Understand the Game You're Playing': Sparks Fly as @SenatorMenendez Presses @SecPompeo on Trump-Putin Meeting https://t.co/zCGq1ha5wA,0.0,0.0,1.0,0.0,77
377,@FoxNews,Wed Jul 25 20:11:58 +0000 2018,".@SenatorShaheen: ""I am concerned, Mr. Secretary, because it's been a little over a week since the Helsinki summit… https://t.co/1STC2nPne4",0.0,0.0,1.0,0.0,78
378,@FoxNews,Wed Jul 25 20:07:05 +0000 2018,".@SecPompeo: ""We want neither Iran nor North Korea to have the capacity to proliferate nuclear weapons, to enrich u… https://t.co/mawrZoENhQ",-0.3818,0.059,0.811,0.131,79
379,@FoxNews,Wed Jul 25 20:02:59 +0000 2018,RT @ShepNewsTeam: Shep is live on Facebook Watch: https://t.co/uogywvkzEK,0.0,0.0,1.0,0.0,80
380,@FoxNews,Wed Jul 25 20:02:11 +0000 2018,.@ShepNewsTeam is live with the ‘Fox News Update’ on Facebook Watch: https://t.co/Sb2cju6RMf https://t.co/bb1zJiQ3Cf,0.0,0.0,1.0,0.0,81
381,@FoxNews,Wed Jul 25 19:59:14 +0000 2018,RT @ShepNewsTeam: AFTER THE SHOW: We'll be live on Facebook Watch with a Fox News Update at https://t.co/IpXcWDUA5J with more on @SecPompeo…,0.0,0.0,1.0,0.0,82
382,@FoxNews,Wed Jul 25 19:59:07 +0000 2018,".@SecPompeo on NATO: ""It's certainly important that the Europeans are as committed to deterring Russia as the Unite… https://t.co/fSQhl7Ou8X",0.6486,0.283,0.717,0.0,83
383,@FoxNews,Wed Jul 25 19:54:09 +0000 2018,".@SecPompeo: ""@POTUS disclosed what he said to Vladimir Putin about Russian interference in our elections and he sa… https://t.co/obIocqU4t5",0.0,0.0,1.0,0.0,84
384,@FoxNews,Wed Jul 25 19:51:41 +0000 2018,"RT @FoxBusiness: .@SecPompeo testifies at a Senate Foreign Relations Committee hearing on ""an update on American diplomacy to advance our n…",0.0,0.0,1.0,0.0,85
385,@FoxNews,Wed Jul 25 19:46:14 +0000 2018,".@SecPompeo on Crimea: ""@POTUS was very clear with Vladimir Putin about U.S. positions."" https://t.co/VqD78gOzrY",0.4391,0.182,0.818,0.0,86
386,@FoxNews,Wed Jul 25 19:43:58 +0000 2018,".@SecPompeo: ""@POTUS has stated that he accepts our intelligence community's conclusion that Russia meddled in the… https://t.co/XQTAz7TSNo",0.6597,0.265,0.735,0.0,87
387,@FoxNews,Wed Jul 25 19:40:33 +0000 2018,".@SenBobCorker: ""One in ten North Koreans are living in slavery today and one in five children are stunted due to m… https://t.co/QWrSijApel",-0.7003,0.0,0.814,0.186,88
388,@FoxNews,Wed Jul 25 19:39:03 +0000 2018,".@SecPompeo: ""@POTUS has said that Iran is not the same country that it was five months ago."" https://t.co/fQYoIz663B",0.0,0.0,1.0,0.0,89
389,@FoxNews,Wed Jul 25 19:36:28 +0000 2018,".@SecPompeo on Russia: ""@POTUS believes that two great nuclear powers should not have a contentious relationship."" https://t.co/aqnBPkoA3e",0.7174,0.3,0.7,0.0,90
390,@FoxNews,Wed Jul 25 19:34:55 +0000 2018,".@SecPompeo: ""NATO will remain an indispensable pillar of American national security."" https://t.co/Z05OxxfCZu https://t.co/XCJJAbC9OX",0.0,0.0,1.0,0.0,91
391,@FoxNews,Wed Jul 25 19:32:50 +0000 2018,".@SecPompeo on Crimea Declaration: ""I want to show this committee that the United States does not, and will not rec… https://t.co/mSy6nM3gnB",0.4767,0.177,0.823,0.0,92
392,@FoxNews,Wed Jul 25 19:32:39 +0000 2018,".@SecPompeo on North Korea: ""President @realDonaldTrump's diplomacy deescalated a situation which the prospect for… https://t.co/TuRvf4nM6e",0.296,0.145,0.855,0.0,93
393,@FoxNews,Wed Jul 25 19:28:15 +0000 2018,".@SenatorMenendez: ""As of this moment, we find ourselves in an unimaginable situation. The American people, elected… https://t.co/4onywbIaTf",0.0,0.0,1.0,0.0,94
394,@FoxNews,Wed Jul 25 19:26:08 +0000 2018,".@SecPompeo: ""On the subject of Russia, I want to bring something to your attention right off the bat today. Today… https://t.co/N62zu7uqiW",0.0772,0.064,0.936,0.0,95
395,@FoxNews,Wed Jul 25 19:21:00 +0000 2018,".@SenBobCorker to @SecPompeo: ""I can't say it more forcefully, we really need a clear understanding as to what is g… https://t.co/GkAsgzoXHb",0.4364,0.132,0.868,0.0,96
396,@FoxNews,Wed Jul 25 19:16:49 +0000 2018,".@SenBobCorker: ""So far we have zero clarity from the administration as to what the end game is on the Trump, Pence… https://t.co/uL3QL7RPRp",0.4019,0.114,0.886,0.0,97
397,@FoxNews,Wed Jul 25 19:10:55 +0000 2018,".@SenBobCorker to @SecPompeo; ""You come before a group of senators today who are filled with serious doubts about t… https://t.co/sWv2ntRan2",-0.3612,0.0,0.829,0.171,98
398,@FoxNews,Wed Jul 25 19:03:59 +0000 2018,'Amazing dragon' dinosaur discovered in China https://t.co/EHJ61Tq6Jc,0.5859,0.388,0.612,0.0,99
399,@FoxNews,Wed Jul 25 18:59:06 +0000 2018,THURSDAY: Roseanne Barr sits down with @SeanHannity. Don’t miss this must-see interview on “Hannity” at 9p ET on Fo… https://t.co/q46QXbSMXM,-0.1531,0.0,0.922,0.078,100
400,@nytimes,Thu Jul 26 03:17:03 +0000 2018,RT @S_Evangelina: You don't know what Fortnite is? I got you. https://t.co/YutNdy5TnX,0.0,0.0,1.0,0.0,1
401,@nytimes,Thu Jul 26 03:02:07 +0000 2018,A group of House Republicans introduced articles of impeachment in a long-shot bid to oust deputy attorney general… https://t.co/4kgvusJ0oA,0.0,0.0,1.0,0.0,2
402,@nytimes,Thu Jul 26 02:47:02 +0000 2018,New Zealand accused Australia this week of copying its national flag. Take the quiz and see if you can identify the… https://t.co/5pb0eai35o,-0.296,0.0,0.905,0.095,3
403,@nytimes,Thu Jul 26 02:32:07 +0000 2018,"The White House barred a CNN journalist from attending a public appearance by President Trump in the Rose Garden, a… https://t.co/TlqhSKHj0f",0.0,0.0,1.0,0.0,4
404,@nytimes,Thu Jul 26 02:17:06 +0000 2018,RT @dionnesearcey: The video from #Cameroon captures uniformed men shooting a woman with a little girl and a woman with a baby strapped to…,0.0,0.0,1.0,0.0,5
405,@nytimes,Thu Jul 26 02:02:06 +0000 2018,Newly disclosed emails show Michigan Republicans angling to give their party a dominant position through gerrymande… https://t.co/vVoX8MVdH9,0.4019,0.153,0.847,0.0,6
406,@nytimes,Thu Jul 26 01:47:03 +0000 2018,Orson Welles's last film will have its debut at the Venice Film Festival – over 30 years after the director's death https://t.co/gGGgJEUKO9,-0.1779,0.123,0.728,0.149,7
407,@nytimes,Thu Jul 26 01:32:07 +0000 2018,"With Goop, Gwyneth Paltrow just wanted you to have what she had: the $795 G. Label trench coat and the $1,505 Beton… https://t.co/wY4sZnTEIL",0.0,0.0,1.0,0.0,8
408,@nytimes,Thu Jul 26 01:17:05 +0000 2018,"RT @maggieNYT: Repeated screenings of the tape do not clearly reveal Mr. Trump saying the words “don’t pay with,” an omission that would en…",-0.3935,0.0,0.857,0.143,9
409,@nytimes,Thu Jul 26 01:02:06 +0000 2018,"The Republican tax cuts have pushed corporate tax payments to historically low levels, causing the budget deficit t… https://t.co/Rmq0jLMztk",-0.7184,0.0,0.696,0.304,10
410,@nytimes,Thu Jul 26 00:47:05 +0000 2018,Evening Briefing: Here's what you need to know at the end of the day https://t.co/CO2mMtZw2D,0.0,0.0,1.0,0.0,11
411,@nytimes,Thu Jul 26 00:32:03 +0000 2018,"At 5:30 p.m. on Wednesday, hundreds of speed cameras around NYC effectively clicked off, their watch over motorists… https://t.co/YHKb0AJoZL",0.4404,0.139,0.861,0.0,12
412,@nytimes,Thu Jul 26 00:17:01 +0000 2018,"RT @NYTNational: ""She was so beautiful, so inspirational, had dreams. I’m supposed to be planning her graduation, not her funeral,"" said th…",0.9264,0.397,0.603,0.0,13
413,@nytimes,Thu Jul 26 00:02:04 +0000 2018,Nutrition scientists have long debated the best diet for optimal health. But now some experts believe that it’s not… https://t.co/z3peXLnNoA,0.5187,0.195,0.805,0.0,14
414,@nytimes,Wed Jul 25 23:47:05 +0000 2018,"She was Salvador Dalí's wife, muse, model and publicist. But as a new exhibition in Barcelona shows, there was so m… https://t.co/rIyw17TrFX",0.0,0.0,1.0,0.0,15
415,@nytimes,Wed Jul 25 23:32:02 +0000 2018,"Thousands of tourists were evacuated from Yosemite National Park, as one of the country’s most iconic natural prese… https://t.co/DiCZ7WuPAE",0.4173,0.134,0.866,0.0,16
416,@nytimes,Wed Jul 25 23:17:01 +0000 2018,RT @mschwirtz: He found a box containing a perfume bottle and gave it to his girlfriend. When he woke up weeks later he learned she had die…,0.0,0.0,1.0,0.0,17
417,@nytimes,Wed Jul 25 23:02:06 +0000 2018,"Important progress in Alzheimer's research: for the first time in a large clinical trial, a single drug has been ab… https://t.co/E1nkUj5e8t",0.5574,0.213,0.787,0.0,18
418,@nytimes,Wed Jul 25 22:47:05 +0000 2018,Evening Briefing: Here's what you need to know at the end of the day https://t.co/3kSu9Jd5je,0.0,0.0,1.0,0.0,19
419,@nytimes,Wed Jul 25 22:32:01 +0000 2018,A lawsuit accusing President Trump of violating the Constitution by maintaining a financial interest in his company… https://t.co/ZUKG2aJc1R,-0.4767,0.136,0.543,0.321,20
420,@nytimes,Wed Jul 25 22:17:04 +0000 2018,"RT @adamgoldmanNYT: Finally, the tape has become public. And it revealed the statements by Ms. Hicks and Mr. Giuliani to be false. https://…",0.0,0.0,1.0,0.0,21
421,@nytimes,Wed Jul 25 22:02:04 +0000 2018,51 women have sued the University of Southern California as part of a an ongoing scandal involving sexual abuse all… https://t.co/RMlHIyuRTQ,-0.7964,0.0,0.717,0.283,22
422,@nytimes,Wed Jul 25 21:46:01 +0000 2018,RT @PatcohenNYT: Business leaders who complained that they sometimes felt vilified as engineers of inequality — or greedy exploiters — now…,-0.6124,0.0,0.773,0.227,23
423,@nytimes,Wed Jul 25 21:32:06 +0000 2018,"New York City’s Housing Authority admitted its failures go beyond lead testing, to staff training, tenant protectio… https://t.co/CxVivZ5Y1L",-0.3182,0.13,0.725,0.145,24
424,@nytimes,Wed Jul 25 21:21:06 +0000 2018,"Scientists found evidence of a large underground pool of water on Mars, raising the possibility that life could exi… https://t.co/b27fJVUf4J",0.0,0.0,1.0,0.0,25
425,@nytimes,Wed Jul 25 21:08:08 +0000 2018,"Breaking News: The U.S. and the European Union agreed to work toward lowering tariffs and other trade barriers, Pre… https://t.co/bvdT7rIUhN",0.0258,0.095,0.814,0.09,26
426,@nytimes,Wed Jul 25 21:01:03 +0000 2018,"RT @taffyakner: Strike @goop down and it will become more powerful than you can possibly imagine. My story on it, its blazing success, and…",0.7425,0.232,0.717,0.051,27
427,@nytimes,Wed Jul 25 20:46:03 +0000 2018,The Department of Veterans Affairs has largely said no to medical marijuana. Nearly a million veterans may be using… https://t.co/d2XllBoc38,-0.296,0.0,0.891,0.109,28
428,@nytimes,Wed Jul 25 20:31:04 +0000 2018,Here's a dinner idea: Chicken braised in balsamic and red wine vinegars over creamy polenta https://t.co/J2noxUki0J,0.0,0.0,1.0,0.0,29
429,@nytimes,Wed Jul 25 20:16:04 +0000 2018,Students defrauded by for-profit colleges would face higher barriers to loan forgiveness under a new proposal by Ed… https://t.co/J5IbO8dngv,0.2732,0.11,0.89,0.0,30
430,@nytimes,Wed Jul 25 20:01:03 +0000 2018,A couple arrested by Border Patrol after trying to visit their son-in-law at his Army base are out of detention aft… https://t.co/VISWYYKoRZ,-0.6808,0.0,0.772,0.228,31
431,@nytimes,Wed Jul 25 19:46:05 +0000 2018,Mike Pompeo offered Congress what he called “proof” that Trump is willing to hold Russia accountable for its malign… https://t.co/MOx9elOmgr,0.0,0.0,1.0,0.0,32
432,@nytimes,Wed Jul 25 19:31:03 +0000 2018,Swimming pools closed because the water is too hot. Construction workers wearing fans. Men urged to carry parasols.… https://t.co/tjJsZU4pGa,0.0,0.0,1.0,0.0,33
433,@nytimes,Wed Jul 25 19:15:56 +0000 2018,"Breaking News: President Trump wants to delay a meeting with Vladimir Putin in Washington until next year, “after t… https://t.co/2SwSyffCWv",-0.3182,0.0,0.887,0.113,34
434,@nytimes,Wed Jul 25 19:01:04 +0000 2018,"A non-gamer’s guide to Fortnite, the game obsessing America’s teens https://t.co/vW9vfwPf2P",-0.34,0.0,0.789,0.211,35
435,@nytimes,Wed Jul 25 18:46:02 +0000 2018,Imagine an eccentric David Chang restaurant that almost no one has heard about yet. Our critic takes you to the Bar… https://t.co/nD1ooTUWFR,-0.4601,0.0,0.833,0.167,36
436,@nytimes,Wed Jul 25 18:31:02 +0000 2018,"RT @NYTScience: Scientists find evidence of a 12-mile-wide lake beneath the southern ice cap on Mars, raising the possibility that life cou…",0.0,0.0,1.0,0.0,37
437,@nytimes,Wed Jul 25 18:16:04 +0000 2018,"Are sperm counts … too low? Hard to say, but Silicon Valley has turned male hysteria into a business model. https://t.co/gaqevkz0NJ",-0.6808,0.0,0.708,0.292,38
438,@nytimes,Wed Jul 25 18:01:01 +0000 2018,"Gimme a break 
Gimme a break
Break me off a piece of that trademark law
https://t.co/AvmbYZVa7y",0.0,0.0,1.0,0.0,39
439,@nytimes,Wed Jul 25 17:46:07 +0000 2018,"Melania Trump has freedom over her own remote control, the East Wing said  https://t.co/vCllF8Jb9k",0.6369,0.244,0.756,0.0,40
440,@nytimes,Wed Jul 25 17:31:07 +0000 2018,Yosemite National Park is ordering visitors to evacuate large swaths of the park due to the Ferguson Fire. It's the… https://t.co/VH2TO5A07h,-0.34,0.0,0.893,0.107,41
441,@nytimes,Wed Jul 25 17:16:06 +0000 2018,"In @NYTOpinion,
Op-Ed columnist Thomas Friedman writes, ""No U.S. president can break so many longstanding relations… https://t.co/44mdNdCiV3",-0.296,0.0,0.879,0.121,42
442,@nytimes,Wed Jul 25 17:01:06 +0000 2018,"Wielding a pickax, a vandal destroyed President Trump’s star on the Hollywood Walk of Fame Wednesday morning… https://t.co/XAg5cLS6CZ",-0.0772,0.144,0.697,0.159,43
443,@nytimes,Wed Jul 25 16:48:02 +0000 2018,"The recording, and the repeated statements it contradicts, is a stark example of how Trump and his aides have used… https://t.co/YqhjjrX5y0",-0.34,0.0,0.888,0.112,44
444,@nytimes,Wed Jul 25 16:46:03 +0000 2018,How Michael Cohen’s audio clip unraveled Trump’s false statements https://t.co/kYMI3z2GaK,0.0,0.0,1.0,0.0,45
445,@nytimes,Wed Jul 25 16:31:04 +0000 2018,James Glancy didn’t intend to take part in “the most dangerous experiment ever attempted on Shark Week.” But that’s… https://t.co/ioO1cXK9ZF,-0.2952,0.0,0.896,0.104,46
446,@nytimes,Wed Jul 25 16:16:01 +0000 2018,"Brian Kemp invoked Hillary Clinton, George Soros and Nancy Pelosi in his victory speech  https://t.co/dsFkUARg3v",0.0,0.0,1.0,0.0,47
447,@nytimes,Wed Jul 25 16:01:01 +0000 2018,A Swedish woman attempted to stop a man's deportation to Afghanistan by refusing to take her seat and preventing th… https://t.co/u7G1gUfqhM,-0.6124,0.0,0.727,0.273,48
448,@nytimes,Wed Jul 25 15:46:06 +0000 2018,"Among the ways to get around NYC — rickshaw, subway, scooter, ferry — there's now one more option: dockless bikes https://t.co/qdxeeTn3uO",0.0,0.0,1.0,0.0,49
449,@nytimes,Wed Jul 25 15:31:07 +0000 2018,"For several hours, a Chinese government database showed that Facebook had gained approval to open a subsidiary in Z… https://t.co/txE00gYiL8",0.6908,0.263,0.737,0.0,50
450,@nytimes,Wed Jul 25 15:16:05 +0000 2018,"Reba McEntire, Cher, Philip Glass and Wayne Shorter will receive this year’s Kennedy Center Honors, along with a sp… https://t.co/OnyoC4lm5i",0.5106,0.155,0.845,0.0,51
451,@nytimes,Wed Jul 25 15:01:05 +0000 2018,"RT @NYTNational: Can medical marijuana help veterans with PTSD symptoms? The V.A. doesn’t know, and has shied away from sponsoring studies…",0.4019,0.119,0.881,0.0,52
452,@nytimes,Wed Jul 25 14:46:05 +0000 2018,President Trump raged at his staff recently aboard Air Force One. Why? The first lady’s television was tuned to CNN… https://t.co/Nm14wikcof,-0.4404,0.048,0.823,0.13,53
453,@nytimes,Wed Jul 25 14:31:05 +0000 2018,"The Ivanka Trump brand is alive and well and working in the West Wing as a special adviser to President Trump,… https://t.co/fqdf1fWJwh",0.7506,0.291,0.709,0.0,54
454,@nytimes,Wed Jul 25 14:16:03 +0000 2018,"In a series of scenes, Sacha Baron Cohen got Republican lawmaker Jason Spencer to yell a racial epithet and drop hi… https://t.co/wxldDEnY2g",-0.2732,0.0,0.9,0.1,55
455,@nytimes,Wed Jul 25 14:00:24 +0000 2018,Business leaders who complained that they sometimes felt vilified as engineers of inequality — or greedy exploiters… https://t.co/35c7gCAoZY,-0.6124,0.0,0.75,0.25,56
456,@nytimes,Wed Jul 25 13:51:05 +0000 2018,The Trump administration said that it would restart a program that pays billions of dollars to insurers to stabiliz… https://t.co/9O5YsQIzJX,0.0,0.0,1.0,0.0,57
457,@nytimes,Wed Jul 25 13:41:03 +0000 2018,"The acting prime minister of New Zealand accused Australia this week of copying his country’s 116-year-old flag, an… https://t.co/AvKj8J6gf3",-0.296,0.0,0.891,0.109,58
458,@nytimes,Wed Jul 25 13:30:19 +0000 2018,"""Labels are hard,"" Kirsten Gillibrand said. ""But I'm comfortable with 'populist.'"" https://t.co/FzO0Ak2DxC",0.6652,0.288,0.712,0.0,59
459,@nytimes,Wed Jul 25 13:14:05 +0000 2018,"Bowing to pressure from China, American Airlines, Delta Air Lines and United Airlines began to remove references to… https://t.co/BUpb0m5Xfd",0.1531,0.127,0.773,0.1,60
460,@nytimes,Wed Jul 25 13:00:15 +0000 2018,Morning Briefing: Here's what you need to know to start your day https://t.co/Fyr6JQera4,0.0,0.0,1.0,0.0,61
461,@nytimes,Wed Jul 25 12:50:05 +0000 2018,"A lawyer for Michael Cohen told The Times that Cohen released the tape because he is ""on a new path — it's a reset… https://t.co/PKKp1JenL3",0.0,0.0,1.0,0.0,62
462,@nytimes,Wed Jul 25 12:40:10 +0000 2018,Video: Thousands of people in Laos have been displaced after a dam collapsed https://t.co/ml47RcXYEl,-0.2732,0.0,0.851,0.149,63
463,@nytimes,Wed Jul 25 12:31:05 +0000 2018,"Rescuers scramble to help more than 3,000 people, many stranded in trees and on rooftops, after a failed dam floode… https://t.co/M8iaYId8bS",-0.1531,0.113,0.75,0.137,64
464,@nytimes,Wed Jul 25 12:19:04 +0000 2018,Some of President Trump's own officials were left wondering whether his Iran tweet was a bluff — intended to force… https://t.co/w81gYrYQyQ,0.0,0.0,1.0,0.0,65
465,@nytimes,Wed Jul 25 12:10:04 +0000 2018,"Brian Kemp, Georgia's secretary of state, rode a last-minute endorsement from President Trump to win a Republican p… https://t.co/mOaQtOrquh",0.7269,0.289,0.711,0.0,66
466,@nytimes,Wed Jul 25 12:00:08 +0000 2018,"Your daily @DealBook Briefing:

• $12 billion for farmers may only be the first trade bailout.

• CEO activism is t… https://t.co/RKmy0VcFoW",-0.1027,0.0,0.931,0.069,67
467,@nytimes,Wed Jul 25 11:45:04 +0000 2018,"President Trump: ""What you're seeing and what you're reading is not what's happening"" https://t.co/2Rcro1OEEM",0.0,0.0,1.0,0.0,68
468,@nytimes,Wed Jul 25 11:30:10 +0000 2018,"Clare Bronfman, heiress to the Seagram's liquor fortune, pleaded not guilty to racketeering and conspiracy in conne… https://t.co/SJNemQ6X8G",-0.2658,0.107,0.736,0.156,69
469,@nytimes,Wed Jul 25 11:15:08 +0000 2018,President Trump's $12 billion aid package for American farmers is a sign that he plans to continue the trade confli… https://t.co/WirWFisjRC,0.0,0.0,1.0,0.0,70
470,@nytimes,Wed Jul 25 11:00:14 +0000 2018,"Brian Kemp won the Georgia GOP runoff for governor, after a series of provocative ads that evoked President Trump's… https://t.co/gzfUY1PnLr",0.5719,0.171,0.829,0.0,71
471,@nytimes,Wed Jul 25 10:44:06 +0000 2018,"Sergio Marchionne, the longtime chief of Fiat Chrysler, is dead at 66. He helped transform the struggling automaker… https://t.co/b9Heb1dvDn",-0.7964,0.0,0.705,0.295,72
472,@nytimes,Wed Jul 25 10:30:03 +0000 2018,Members of the Wild Boars soccer team and their coach were ordained as Buddhist monks https://t.co/k6WcjiGh7T,0.0,0.0,1.0,0.0,73
473,@nytimes,Wed Jul 25 10:20:08 +0000 2018,"""Crime is down, but fear is up. That is the paradox we have to fight,"" said a chief inspector in an Austrian border… https://t.co/EEqp9NBM7c",-0.7992,0.0,0.71,0.29,74
474,@nytimes,Wed Jul 25 10:10:04 +0000 2018,Morning Briefing: Here's what you need to know to start your day https://t.co/ti3jLwH3Xz,0.0,0.0,1.0,0.0,75
475,@nytimes,Wed Jul 25 10:00:58 +0000 2018,"“It was mind blowing,” the photographer said in an interview. “I didn’t know that a duck could care for that many c… https://t.co/0oibI6qLz2",0.4939,0.132,0.868,0.0,76
476,@nytimes,Wed Jul 25 09:44:06 +0000 2018,Jean-Claude Juncker is expected to offer the Trump administration two possible trade deals in an effort to remove A… https://t.co/r5qIoSyiiD,0.0,0.0,1.0,0.0,77
477,@nytimes,Wed Jul 25 09:30:12 +0000 2018,"""I think within 15 minutes I believe Dawn said that she felt she had a headache."" A British Novichok victim offered… https://t.co/j907nmBx8p",-0.2732,0.0,0.896,0.104,78
478,@nytimes,Wed Jul 25 09:15:07 +0000 2018,"At least 20 people were killed in a suicide bombing outside a polling station in Quetta, Pakistan, raising the deat… https://t.co/tpWr7e1qus",-0.875,0.0,0.654,0.346,79
479,@nytimes,Wed Jul 25 09:00:13 +0000 2018,"He felt his neck snap forward from the force of a soccer ball hitting his head. First, he thought he was fine. Then… https://t.co/CyYCBR8WMz",0.2023,0.076,0.924,0.0,80
480,@nytimes,Wed Jul 25 08:44:08 +0000 2018,"President Trump's former personal lawyer, Michael Cohen, released a secret recording of a conversation in which Tru… https://t.co/e0gZb7q1DS",0.0,0.0,1.0,0.0,81
481,@nytimes,Wed Jul 25 08:30:01 +0000 2018,"RT @nytimesworld: Imran Khan enjoys genuine popularity across Pakistan. He has used his celebrity, his charisma and his money to campaign a…",0.7506,0.242,0.758,0.0,82
482,@nytimes,Wed Jul 25 08:15:04 +0000 2018,"""It was mind blowing,"" said the photographer. ""I didn't know that a duck could care for that many chicks."" https://t.co/HFuDDIWD4e",0.4939,0.151,0.849,0.0,83
483,@nytimes,Wed Jul 25 08:02:04 +0000 2018,They nearly reached the water. https://t.co/AN7GL0dukZ,0.1027,0.219,0.781,0.0,84
484,@nytimes,Wed Jul 25 07:47:05 +0000 2018,"As global warming brings more deadly heat waves, cities are seeking creative strategies to cool themselves down https://t.co/IHPWXHPXGP",0.7003,0.312,0.688,0.0,85
485,@nytimes,Wed Jul 25 07:32:06 +0000 2018,RT @UpshotNYT: What would be some early warning signs that the trade war is hurting the overall U.S. economy? https://t.co/PEwet7v50A,-0.8402,0.0,0.654,0.346,86
486,@nytimes,Wed Jul 25 07:17:06 +0000 2018,"Is Imran Khan, a legendary cricket player and international sex symbol, about to become the leader of Pakistan, an… https://t.co/MlPvkn38BZ",0.0,0.0,1.0,0.0,87
487,@nytimes,Wed Jul 25 07:02:04 +0000 2018,"China has a simple weapon it can use to try and foil President Trump’s tariffs: the value of its currency, the renm… https://t.co/kAXonY9if4",0.0516,0.098,0.813,0.089,88
488,@nytimes,Wed Jul 25 06:41:52 +0000 2018,"Novichok Was Found in a Glass Bottle Inside a Box, British Victim Says https://t.co/sOAlcDwwZk",-0.2732,0.0,0.84,0.16,89
489,@nytimes,Wed Jul 25 06:29:20 +0000 2018,Millions of smart TVs in American homes are tracking everything you watch for the sake of advertisers. If that does… https://t.co/0bVySdZqAb,0.4019,0.119,0.881,0.0,90
490,@nytimes,Wed Jul 25 06:11:11 +0000 2018,Papa John's will take the poison pill defense to protect itself against any hostile takeover attempt by its former… https://t.co/z7Br4Zk9Dz,-0.4588,0.156,0.611,0.233,91
491,@nytimes,Wed Jul 25 05:53:33 +0000 2018,RT @jasondhorowitz: Amid the burned pine cones was a small blue sandal with a Velcro strap. At the scene of the deadly Greek wildfires. htt…,0.0,0.0,1.0,0.0,92
492,@nytimes,Wed Jul 25 05:39:04 +0000 2018,Michael Cohen released a secret recording of a conversation in which President Trump appears to have knowledge abou… https://t.co/eyNRtwfVOO,0.0,0.0,1.0,0.0,93
493,@nytimes,Wed Jul 25 05:32:08 +0000 2018,The governor of Montana is suing the Trump administration over its loosening of campaign finance rules https://t.co/8UnSbqN0Qp,-0.2732,0.0,0.884,0.116,94
494,@nytimes,Wed Jul 25 05:02:02 +0000 2018,"Two people fell ill after eating now-recalled Ritz crackers.
Pepperidge Farm has also announced a recall of several… https://t.co/0lo6xOM2fR",-0.4215,0.0,0.859,0.141,95
495,@nytimes,Wed Jul 25 04:42:06 +0000 2018,"Ivanka Trump, on shutting down her fashion brand: ""My focus for the foreseeable future will be the work I am doing… https://t.co/2tNHixk1vm",0.0,0.0,1.0,0.0,96
496,@nytimes,Wed Jul 25 04:22:02 +0000 2018,RT @nytimesarts: The first Muslim woman to represent the United States at the Olympics wearing a hijab opens up about receiving death threa…,-0.2732,0.105,0.749,0.146,97
497,@nytimes,Wed Jul 25 04:12:54 +0000 2018,"Cohen Releases Tape of Trump, Inflaming Feud https://t.co/E0x0H7pfcV",-0.34,0.0,0.745,0.255,98
498,@nytimes,Wed Jul 25 04:02:03 +0000 2018,A federal mediator advised the Education Department that it likely gutted compensation and union activities without… https://t.co/UajWXnT6I6,0.0,0.0,1.0,0.0,99
499,@nytimes,Wed Jul 25 03:47:03 +0000 2018,RT @nytopinion: A $12 billion farm bailout is no way to fix a problem the president himself created by starting trade wars without a clear…,-0.7845,0.069,0.588,0.343,100
